News Channel,Compound,Negative,Neutral,Positive,Tweet Ago,Tweet Date,Tweet Text
BBC,0.7227,0.0,0.79,0.21,1,10/05/2018,"Franklin and his gang are now the main dealers in the area but success brings new problems...

#Snowfall | 10:50pm‚Ä¶ https://t.co/ZBmiDiGpWy"
BBC,-0.1027,0.202,0.649,0.149,2,10/05/2018,"A poetic account of the Troubles in Northern Ireland, told through the stories of people who lost loved ones during‚Ä¶ https://t.co/ZMdNqwA6QJ"
BBC,0.4404,0.129,0.612,0.259,3,10/05/2018,Most polite stag do ever üòÇ https://t.co/Vdz6abFUA5
BBC,0.0,0.0,1.0,0.0,4,10/05/2018,A horse walks into a bar... https://t.co/0e9rcMyq26
BBC,0.4939,0.0,0.819,0.181,5,10/05/2018,"Hundreds of sculptures lie at the bottom of the sea in Cancun, where they play an important role in conservation. https://t.co/elKcb1ArXb"
BBC,-0.5574,0.265,0.735,0.0,6,10/05/2018,RT @BBCNewsEnts: Opera singer Montserrat Caball√© has died at 85 https://t.co/XjCDKCe3Wo
BBC,0.0,0.0,1.0,0.0,7,10/05/2018,"These caves in rural Italy have been transformed into hotel rooms. üòçüáÆüáπ

#Mediterranean with @Simon_Reeve starts on‚Ä¶ https://t.co/odrZvluN8x"
BBC,-0.4189,0.2,0.709,0.091,8,10/05/2018,"Please can everyone stop drinking their own urine?
It‚Äôs really not very good for you.
üëâ https://t.co/gJwPTW9aiI https://t.co/E8aW02uYqp"
BBC,0.0,0.0,1.0,0.0,9,10/05/2018,"Going, going, gone!

A Banksy artwork shredded itself after it was sold for more than ¬£1m at Sotheby's in London.‚Ä¶ https://t.co/Qm7OwhiXT5"
BBC,-0.4939,0.211,0.789,0.0,10,10/05/2018,‚ù§Ô∏è George Shelley opens up about grief and how to cope. https://t.co/4SajjiJI6e
BBC,-0.4588,0.231,0.769,0.0,11,10/05/2018,Footage shows hundreds of tents abandoned by people after #LeedsFestival‚Ä¶ https://t.co/VPTNlAVId4
BBC,0.5095,0.098,0.679,0.222,12,10/05/2018,"üéì Losing friends, moving home and being broke... what's life after university really like?
üëâ https://t.co/5sabryzvbw https://t.co/9x23y45XtO"
BBC,-0.128,0.154,0.711,0.134,13,10/05/2018,"‚úâÔ∏è @StephenFry reads the letters of Otto von W√§chter, a senior Austrian Nazi who escaped justice after the war.

Li‚Ä¶ https://t.co/eadlYB4D0K"
BBC,-0.4767,0.205,0.795,0.0,14,10/05/2018,"How a bike accident transformed the lives of thousands of disabled people. 
#BBCInnovators https://t.co/NKOauhKD7M"
BBC,0.7506,0.0,0.748,0.252,15,10/05/2018,"‚úçÔ∏è Inspired by the book he famously illustrated 30 years ago, Sir Quentin Blake imagines what Roald Dahl's Matilda‚Ä¶ https://t.co/DzXk7J6M2p"
BBC,0.2732,0.066,0.823,0.111,16,10/05/2018,"RT @BBCTheOneShow: 1.5 million people may have been affected by the tsunami in Sulawesi. 
Here‚Äôs how you can help the @decappeal https://t.‚Ä¶"
BBC,0.7003,0.0,0.655,0.345,17,10/05/2018,"‚òïÔ∏èüíõ This Amazing Human uses coffee to give homeless people a second chance.

https://t.co/wOc1ce2B3J"
BBC,-0.8074,0.356,0.644,0.0,18,10/05/2018,"Follow some of the debt counsellors working for Christians Against Poverty.

The Debt Saviours | 9pm | @BBCTwo |‚Ä¶ https://t.co/t0c5uwl4jk"
BBC,0.0,0.0,1.0,0.0,19,10/05/2018,üí™üêî Check out these miniature chicken bodybuilders. https://t.co/rfRrfZMVkM
BBC,0.0,0.0,1.0,0.0,20,10/05/2018,John Humphrys presents the first heat of the series as the hunt for the nation's Mastermind gets back underway.‚Ä¶ https://t.co/hQdf779Yeo
BBC,0.4404,0.084,0.749,0.167,21,10/05/2018,FACT: Britons can only let go emotionally when a barmaid breaks some glasses... üòÇ #TheMashReport https://t.co/Hk2tqQv8WR
BBC,0.3612,0.0,0.902,0.098,22,10/05/2018,"RT @1Xtra: .@RayBLK_'s #LiveLounge cover of 'A Natural Woman' for #BackHistoryMonth was just incredible.  

Full video üëâüèø https://t.co/6TNL‚Ä¶"
BBC,0.8625,0.065,0.578,0.357,23,10/05/2018,"RT @BBCWales: üòÇ Best global marketing campaign ever? 

üÜï #FestivalofFunny comedy: #TouristTrap 
‚≠êÔ∏è @MikeBubbins, @MariBarf, @SallyEPhillips‚Ä¶"
BBC,0.6124,0.0,0.828,0.172,24,10/05/2018,"RT @BBCWales: The new tourism head honcho for Wales gets hands on as she learns all about making love...spoons. üòÜ

üÜï Comedy: #TouristTrap‚Ä¶"
BBC,0.0,0.0,1.0,0.0,25,10/05/2018,"RT @BBCWales: üòÆWE JUST DROPPED ALL OF #TOURISTTRAP ON @BBCIPLAYER. 

‚ú®WATCH EVERY EPISODE HERE üëâ https://t.co/kOmZRWZt8D

üëçHAPPY FRIDAY! #F‚Ä¶"
BBC,-0.1027,0.072,0.928,0.0,26,10/05/2018,"'I hid my baby from social services in case they took it away.'
üëâ https://t.co/GzIQQwypFT https://t.co/2m4sqlGogP"
BBC,0.1779,0.126,0.673,0.202,27,10/05/2018,"Raoul the turtle had a lucky escape after getting tangled in plastic waste. üê¢

#Mediterranean with @simon_reeve sta‚Ä¶ https://t.co/naQPqpDwpy"
BBC,-0.2732,0.116,0.884,0.0,28,10/05/2018,"üê¨ This woman taught a dolphin to speak English. 

üîà Sound up for this one‚Ä¶  https://t.co/wck12UVoRr"
BBC,0.8555,0.0,0.669,0.331,29,10/05/2018,"Why does everybody love moth memes?

It's the one-sided love story that we can all relate to...
üëâ‚Ä¶ https://t.co/55Oz8ULaX3"
BBC,0.743,0.0,0.674,0.326,30,10/05/2018,"RT @BBCTwo: We literally can't get enough of @donaldglover's amazing smile. üòÅüòÅ #Atlanta #WorldSmileDay
https://t.co/ovzKcY0pKg"
BBC,0.3818,0.22,0.478,0.303,31,10/05/2018,"The Nobel Peace Prize has been awarded to campaigners against rape in warfare Nadia Murad and Denis Mukwege. 
üëâ‚Ä¶ https://t.co/getpPN0hD9"
BBC,0.7414,0.0,0.77,0.23,32,10/05/2018,RT @BBC_Teach: It‚Äôs #WorldTeachersDay üë©üè´ so to celebrate we're inviting you to upload a video of yourself singing &amp; dancing along to one of‚Ä¶
BBC,-0.6705,0.2,0.8,0.0,33,10/05/2018,"The quest for extreme selfies killed 259 people between 2011 and 2017, a 2018 global study has revealed.
üëâ‚Ä¶ https://t.co/uojB5RWAf2"
BBC,0.5994,0.0,0.804,0.196,34,10/05/2018,üë©üèæ‚Äçüé®üé®üñº This artist on a mission to change how black women are illustrated with her beautiful designs. https://t.co/OiKhaT5joi
BBC,0.5719,0.0,0.773,0.227,35,10/05/2018,"From dream job to reality: How do career dreams really work out?
üëâ https://t.co/jXwJd5MzSu https://t.co/cf8HHuYtyi"
BBC,0.0,0.0,1.0,0.0,36,10/05/2018,"These urban corals are thriving against all odds in Miami.

#OurBluePlanet w/ @oceanx + @coralmorph https://t.co/zjeBH83ZM7"
BBC,0.0,0.0,1.0,0.0,37,10/05/2018,"üé∂ @BTS_twt is the #KPop band taking over the world and smashing records everywhere. 

Who are they and how did they‚Ä¶ https://t.co/SSFjTKFAjU"
BBC,-0.5209,0.218,0.684,0.097,38,10/05/2018,"Could the power of fake pills be used to treat some of our most common medical complaints? üíä

#Horizon The Placebo‚Ä¶ https://t.co/R3YMojVEYu"
BBC,0.0,0.0,1.0,0.0,39,10/05/2018,"This is how homophobia feels in 2018. 
#NationalPoetryDay https://t.co/Dk2F3dDLPl"
BBC,-0.6124,0.25,0.654,0.096,40,10/05/2018,"ü•ì Regularly eating foods like bacon and sausages may raise the risk of breast cancer, according to researchers.
üëâ‚Ä¶ https://t.co/drh72r7tDj"
BBC,0.4215,0.0,0.714,0.286,41,10/05/2018,"Maya Angelou: prolific, powerful, and a polymath. 
#BlackHistoryMonth https://t.co/99z0ppyKYK"
BBC,-0.4588,0.242,0.67,0.088,42,10/05/2018,"RT @BBCWales: Forget the lies and the myths about growing up on an estate. 

#NationalPoetryDay

https://t.co/HPKwfqx7bq"
BBC,0.0,0.0,1.0,0.0,43,10/05/2018,"How did Shakespeare invent all those clich√©s? And how can he be stopped?! ü§î
#NationalPoetryDay  https://t.co/sCmnhZiv4G"
BBC,0.1531,0.0,0.89,0.11,44,10/05/2018,"üå°üåç What does 1.5C mean in a warming world?
üëâ https://t.co/XzjY5M8oNl https://t.co/kMLXVnvjxm"
BBC,-0.25,0.357,0.429,0.214,45,10/05/2018,Are you feeling lonely? https://t.co/HxqBp6oh17
BBC,0.4404,0.0,0.813,0.187,46,10/05/2018,"RT @BBCEarth: This #WorldAnimalDay, we‚Äôre giving you an exclusive first look at David Attenborough‚Äôs new series.

#Dynasties - Coming soon‚Ä¶"
BBC,0.0,0.0,1.0,0.0,47,10/05/2018,"Ever heard a beatboxing starling? üîäüîä
#WorldAnimalDay https://t.co/N758EN4j3s"
BBC,0.1759,0.206,0.546,0.248,48,10/05/2018,"The pika might just be the world's cutest thief! 
#WorldAnimalDay https://t.co/v8dSKoVYgD"
BBC,0.0,0.0,1.0,0.0,49,10/05/2018,Could this squat be a moment that sparks change? https://t.co/GFXOeWufHl
BBC,0.4939,0.0,0.789,0.211,50,10/05/2018,"üê¨ A dolphin with a prosthetic tail inspired Ellie‚Äôs Paralympic journey.

#OurBluePlanet w/ @oceanx https://t.co/WtUfOh4W2Z"
BBC,-0.2263,0.172,0.651,0.177,51,10/05/2018,"ü•ó Eating a Mediterranean diet may help prevent depression, research suggests.
üëâ https://t.co/FIpHPRQHqV https://t.co/tl4BbDsxUa"
BBC,-0.5994,0.231,0.769,0.0,52,10/05/2018,"3 homeless people die every week in the UK.
Meanwhile in Finland...

(via @BBCThree) https://t.co/P4MYjbE4d1"
BBC,0.4939,0.0,0.819,0.181,53,10/05/2018,"The search for Lord Sugar's next business partner begins, and this year the challenges are bigger and better than e‚Ä¶ https://t.co/El1AyC5sXs"
BBC,0.0,0.0,1.0,0.0,54,10/05/2018,üéß‚ù§Ô∏è Dementia playlists are making such a big difference to these people.  https://t.co/ojVDVuP6to
BBC,0.5411,0.0,0.851,0.149,55,10/05/2018,RT @BBCnireland: ‚úç @BBCApprentice is back tonight on @BBCOne so here are some tips to get you hired! - https://t.co/gc5KSIFQf1 https://t.co‚Ä¶
BBC,0.4404,0.0,0.868,0.132,56,10/05/2018,‚ù§Ô∏è Couples will soon be able to choose a civil partnership instead of a marriage thanks to Rebecca and Charles. https://t.co/nampxOV5ur
BBC,0.0,0.0,1.0,0.0,57,10/05/2018,üçú The humble origins of an incredibly versatile food ‚Äì the potted history of instant noodles. https://t.co/3RMBZ33zFY
BBC,0.0,0.0,1.0,0.0,58,10/05/2018,"üåô 'Leonardo da Vinci was the first recorded person to realise what a crescent moon was.'

Nine out of this world fa‚Ä¶ https://t.co/cpzfOniwxA"
BBC,0.7299,0.0,0.695,0.305,59,10/05/2018,"That time @RyanGosling was training to be an astronaut and DEFINITELY WASN'T (was) sick. 
#TheGNShow https://t.co/mf8dnizxAV"
BBC,0.2732,0.0,0.89,0.11,60,10/05/2018,"üï∫üéô 'Tom Daley was an Elvis impersonator - with his dad'

10 surprising things we learned from @TomDaley1994‚Äôs‚Ä¶ https://t.co/NGQAEEJWdl"
BBC,-0.5574,0.247,0.753,0.0,61,10/05/2018,"19-year-old rapper Kitch has a stutter when he speaks - but when he performs, it usually disappears. https://t.co/tVXhIeAwEg"
BBC,0.0,0.0,1.0,0.0,62,10/05/2018,"RT @BBCRadio2: ü•ÅDrumroll please!ü•Å

Our brand new Breakfast Show host is @ZoeTheBall! üëè

https://t.co/th597DBxQI https://t.co/dbfQgMsuHO"
BBC,-0.6124,0.185,0.815,0.0,63,10/05/2018,"üêß A zoo has been forced to fill its new penguin exhibit with models, as a shortage of birds means it is unable to g‚Ä¶ https://t.co/BmSAy8zQJP"
BBC,0.0,0.0,1.0,0.0,64,10/05/2018,"""Oh, I'm so sorry,"" and other things not to say to amputees. 
(via @BBCThree) https://t.co/L8eiOleNyi"
BBC,0.0,0.0,1.0,0.0,65,10/05/2018,"Discover the extraordinary story of how a small Scottish bank grew to briefly become the biggest in the world, befo‚Ä¶ https://t.co/OQpgOJ7edi"
BBC,-0.802,0.427,0.573,0.0,66,10/05/2018,Knife crime is up 22%. Who are the victims and what‚Äôs to blame? https://t.co/ZEAml31p9m
BBC,0.4019,0.0,0.847,0.153,67,10/05/2018,"The gender reveal party that sparked a massive 47,000 acre wildfire. 
üëâ https://t.co/b0Xc17AuK5 https://t.co/ROh8TOMH7K"
BBC,0.7096,0.0,0.766,0.234,68,10/05/2018,"In 2002, Iberian Lynx were the rarest cats in the world. But then something remarkable happened... https://t.co/iEVCaSDvjN"
BBC,-0.2732,0.242,0.554,0.204,69,10/05/2018,Two scientists who discovered how to fight cancer using the body's immune system have won the 2018 #NobelPrize for‚Ä¶ https://t.co/fIj6Ly7Z3u
BBC,0.5994,0.0,0.795,0.205,70,10/05/2018,"üç≤üòã A bowl of warm, hearty stew is always a welcome sight on a cold day.

From a classic beef stew to a vegetarian h‚Ä¶ https://t.co/1X1qdk14Oh"
BBC,0.0,0.0,1.0,0.0,71,10/05/2018,"Jodie Whittaker. New Doctor...and a 'Shat Lass'.
#TheGNShow #DoctorWho https://t.co/25HwEbjAfn"
BBC,0.5719,0.0,0.829,0.171,72,10/05/2018,"Donna Strickland has become the first woman to have won the #NobelPrize in Physics in 55 years. 
üëâ‚Ä¶ https://t.co/hGIojnR1W0"
BBC,0.0,0.0,1.0,0.0,73,10/05/2018,"RT @BBCSport: SPOTY is back - and there are some big changes.

The BBC Sports Personality of the Year 2018 contenders will be revealed on t‚Ä¶"
BBC,0.6696,0.0,0.728,0.272,74,10/05/2018,"‚ù§Ô∏èüíÉüèª Ballet is still the love of Joyce's life at 98-years-old! 
#WorldBalletDay https://t.co/nzr3Jy1wbS"
BBC,-0.6705,0.231,0.769,0.0,75,10/05/2018,"Over 300,000 marine animals are killed after becoming entangled in fishing gear every year. 
#DrowningInPlastic‚Ä¶ https://t.co/WmFqGMo8Es"
BBC,0.0,0.0,1.0,0.0,76,10/05/2018,RT @bbccomedy: ‚ÄòThere She Goes‚Äô starring @JefficaHoons and David Tennant comes to @BBCFOUR on October 16th. https://t.co/tH37Wg5TBC
BBC,-0.7964,0.321,0.679,0.0,77,10/05/2018,"In January 1918, the Spanish flu swept the world and killed more people than WW1. 
#TheFluThatKilled50Million https://t.co/WinYKnWfSA"
BBC,0.0,0.0,1.0,0.0,78,10/05/2018,"üëõ Do you know where your tips go? 

A guide to how tipping works in restaurants.
üëâ https://t.co/CNU4t3iogG https://t.co/7dcsckQwcG"
BBC,-0.6486,0.202,0.798,0.0,79,10/05/2018,"More than half of the world's killer whales could be wiped out by man-made chemicals, scientists say.  https://t.co/w1SaxVchyO"
BBC,-0.128,0.081,0.919,0.0,80,10/05/2018,Wildlife biologist @LizBonnin visits scientists working at the cutting edge of plastics research. She works with le‚Ä¶ https://t.co/rSc4ZR9MEX
BBC,0.0,0.0,1.0,0.0,81,10/05/2018,"A 19-year-old university student has described his photograph of a white fallow buck sneezing as a ""one-in-a-millio‚Ä¶ https://t.co/A1q3ZEIz2z"
BBC,0.7506,0.0,0.748,0.252,82,10/05/2018,"RT @BBCFood: ü•ï It's World Vegetarian Day and we're celebrating all things veggie. Whether you're looking for a quick lunch, a healthy trayb‚Ä¶"
BBC,0.0,0.0,1.0,0.0,83,10/05/2018,"RT @CBeebiesHQ: Cuddle up cheek to cheek!

Sharon D. Clarke is back for tonight's #BedtimeStory üò¥üìö

The biographical tale of Ella Fitzgeral‚Ä¶"
BBC,0.0,0.0,1.0,0.0,84,10/05/2018,These scientists have found plastic in every area of the Arctic; there are about 225 trillion particles in the whol‚Ä¶ https://t.co/UoKtCXow1b
BBC,0.0,0.0,1.0,0.0,85,10/05/2018,"An Astrophysicist? A World Traveller? CEO of the British Library? üî≠üìöü§∑

Illustrator Sir Quentin Blake has reimagined‚Ä¶ https://t.co/PqXhCcoHH9"
BBC,0.0,0.0,1.0,0.0,86,10/05/2018,"RT @bbcgetinspired: 'I'm a Muslim woman, I'm visually-impaired and I'm a boxer' ü•äü•ä #GetInspired 

https://t.co/zJorjZokVM"
BBC,0.7456,0.0,0.689,0.311,87,10/05/2018,"üé∂üåü@LadyGaga and Jodie Whittaker playing the #DoctorWho theme tune on the theremin is AMAZING. #TheGNShow

https://t.co/PEwaE9tzNH"
BBC,0.128,0.137,0.705,0.159,88,10/05/2018,"üòÇüòÉüòê Can you spot a fake laugh? 

Take this quiz to find out. üëâ https://t.co/LAFjV5ggf7 https://t.co/sFjlLRwzQK"
BBC,-0.5574,0.167,0.833,0.0,89,10/05/2018,"Geoffrey Hayes, who hosted long-running children's TV show, Rainbow, has died aged 76.
üëâ https://t.co/10XDMpYCiz https://t.co/vPs5odJKqy"
BBC,0.7003,0.0,0.655,0.345,90,10/05/2018,"This Amazing Human uses coffee to give homeless people a second chance. ‚òïÔ∏èüíõ#InternationalCoffeeDay

https://t.co/wOc1ce2B3J"
BBC,0.3818,0.134,0.591,0.274,91,10/05/2018,"Turns out it's *quite* difficult to keep a straight face while testing laughing gas...

https://t.co/nFlgKY7NuY"
BBC,-0.7351,0.237,0.763,0.0,92,10/05/2018,RT @BBCRadio4: We conducted the world's largest survey on loneliness and discovered that 16-24 year olds are the loneliest age group. Read‚Ä¶
BBC,0.0,0.0,1.0,0.0,93,10/05/2018,"We cannot WAIT for the new Doctor Who series! @bbcdoctorwho #TheGNShow

https://t.co/BkxpymO5Be"
BBC,0.7845,0.0,0.734,0.266,94,10/05/2018,"Start your Monday the right way. Watch Tom Hardy explain to a child why we should love all things equally. üíîüò≠

https://t.co/646n5wwjvL"
BBC,-0.875,0.5,0.5,0.0,95,10/05/2018,Persistent chemical pollution threatens the future of killer whales. üíî https://t.co/wJJIQj8WLK https://t.co/saSP4leLjt
BBC,-0.872,0.398,0.602,0.0,96,10/05/2018,"Last year @higeorgeshelley's sister died in an accident. 

He opens up about grief and how to cope.

https://t.co/4SajjiJI6e"
BBC,0.4753,0.0,0.843,0.157,97,10/05/2018,"RT @BBCOne: ‚ÄúI see women out with their babies walking around like it‚Äôs nothing‚Ä¶ I just want to yell out at them, ‚ÄúYou‚Äôre amazing!‚Äù @Jenna_‚Ä¶"
BBC,0.6239,0.0,0.687,0.313,98,10/05/2018,RT @bbcstrictly: Wow. #Strictly Movie Week looks wand-erful! üßô‚Äç‚ôÇÔ∏è‚ú® https://t.co/3Iko29h06s
BBC,0.0,0.0,1.0,0.0,99,10/05/2018,"A mother‚Äôs life disintegrates while the world looks on. 

#TheCry | 9pm | @BBCOne | https://t.co/hDRdVsMamq https://t.co/2SrLnoKGLi"
BBC,0.0,0.0,1.0,0.0,100,10/05/2018,Tonight it's the first @BBCStrictly results show! Find out which couples have made it through and which two will be‚Ä¶ https://t.co/vytPpS8tTl
CBS,0.0772,0.0,0.936,0.064,1,10/05/2018,"RT @CBSAllAccess: Take a first look at Spock, Number One, and Section 31‚Äôs newest recruit. #StarTrekDiscovery returns January 17, 2019. htt‚Ä¶"
CBS,0.5423,0.0,0.8,0.2,2,10/05/2018,"Viewers in Atlanta, Charlotte, Pittsburgh, and most of Michigan and Wisconsin, please take note of the DVR alert be‚Ä¶ https://t.co/fradnBOvdk"
CBS,-0.3612,0.179,0.821,0.0,3,10/05/2018,"RT @MadamSecretary: Worlds collide when former Secretaries of State @HillaryClinton, @madeleine, and Colin Powell stop by #MadamSecretary f‚Ä¶"
CBS,0.0,0.0,1.0,0.0,4,10/05/2018,".@TheNeighborhood's @BethBehrs and @latelateshow may have come up with a new hit show called ""Naked Rabbi.""‚Ä¶ https://t.co/KLsSlzgC0f"
CBS,-0.6808,0.189,0.811,0.0,5,10/05/2018,"RT @FBICBS: When a killer's victim survives to tell the tale, it's up to the team to catch him before he kills again. 

The first SEVEN MIN‚Ä¶"
CBS,0.5023,0.0,0.787,0.213,6,10/05/2018,But you know the CBS Fall TV that makes YOU smile. #WorldSmileDay https://t.co/JVOh5TlK0D
CBS,-0.3724,0.242,0.758,0.0,7,10/05/2018,Not everyone smiles at the same shows #WorldSmileDay https://t.co/XFwNIFleXf
CBS,0.3612,0.0,0.8,0.2,8,10/05/2018,"And smile at shows that, you know, get you. #WorldSmileDay https://t.co/9JpmKkB7Ky"
CBS,0.6124,0.0,0.667,0.333,9,10/05/2018,Smile at shows you‚Äôve been meaning to smile at before #WorldSmileDay https://t.co/MWrtrX62BP
CBS,0.7003,0.0,0.58,0.42,10,10/05/2018,Get right back into smiling with your favorites #WorldSmileDay https://t.co/BohCiTymMO
CBS,0.3612,0.0,0.737,0.263,11,10/05/2018,Time to smile at new shows #WorldSmileDay https://t.co/n45SpVXuOq
CBS,0.4199,0.0,0.715,0.285,12,10/05/2018,Smile! CBS Fall TV is here. #WorldSmileDay https://t.co/QhmtAmJL0X
CBS,0.0,0.0,1.0,0.0,13,10/05/2018,"The Big Bang Theory.
Young Sheldon, Mom, Murphy Brown.
S.W.A.T. Watch them tonight.

#NationalPoetryDay"
CBS,-0.3875,0.226,0.774,0.0,14,10/05/2018,@shygirlsue @Ranker And we couldn't be prouder of you.üòä https://t.co/Rt9bRkv32J
CBS,0.0,0.0,1.0,0.0,15,10/05/2018,@suferah_khan https://t.co/hkLN6VK6WI
CBS,0.7906,0.0,0.682,0.318,16,10/05/2018,.@Ranker is ranking the best CBS shows of all time. Did your favorites make the list? https://t.co/D3ZrfZK0Q9
CBS,0.4939,0.0,0.849,0.151,17,10/05/2018,".@CrimMinds_CBS returns tonight for its 300th episode. In honor of the milestone season premiere, the cast has a me‚Ä¶ https://t.co/o9aKkBKKtw"
CBS,0.6956,0.0,0.69,0.31,18,10/05/2018,".@wayansjr debuted his perfect impression of his father on @colbertlateshow but everybody, be cool, and don't tell‚Ä¶ https://t.co/MWa9UNOORj"
CBS,0.8858,0.0,0.646,0.354,19,10/05/2018,RT @CBSAllAccess: It's a great day to be a fan of #TheTwilightZone! We're celebrating the 59th anniversary of the classic series AND the of‚Ä¶
CBS,0.0,0.0,1.0,0.0,20,10/05/2018,"‚ö°Ô∏è ‚ÄúHappy Together Premieres on CBS‚Äù

https://t.co/W7IvELcMcw"
CBS,0.1622,0.133,0.746,0.121,21,10/05/2018,"@miamicah We don't know for sure about that, but we are sure that you should be some sort of TV detective. üôÇ https://t.co/uW5aSn7jlO"
CBS,0.0,0.0,1.0,0.0,22,10/05/2018,"‚ö°Ô∏è ‚ÄúThe Neighborhood Premieres on CBS‚Äù

https://t.co/R72l342BFE"
CBS,0.3182,0.0,0.881,0.119,23,10/05/2018,"RT @startrekcbs: Discover the next adventure of #StarTrekDiscovery January 2019, and catch #Starfleet at @NY_Comic_Con THIS Saturday. https‚Ä¶"
CBS,0.765,0.0,0.708,0.292,24,10/05/2018,The stars of @TheNeighborhood and @happytogether celebrated their shows' premieres on CBS tonight with a good old f‚Ä¶ https://t.co/fu9SJzv7hZ
CBS,0.0,0.0,1.0,0.0,25,10/05/2018,"RT @TheNeighborhood: It's almost time! Our live Q&amp;A with the casts of #TheNeighborhood &amp; #HappyTogether is starting at 8pm ET/ 5pm PT. 

Se‚Ä¶"
CBS,0.0,0.0,1.0,0.0,26,10/05/2018,Head over to the CBS Facebook page now for the #FacebookLive with @happytogether‚Äôs @wayansjr and @TheNeighborhood‚Äôs‚Ä¶ https://t.co/37QOrVA1sh
CBS,0.296,0.0,0.864,0.136,27,10/05/2018,Join @happytogether's @wayansjr and @TheNeighborhood's @iamgreenfield for a Facebook Live TODAY at 5:45p ET/2:45 PT‚Ä¶ https://t.co/klrx7cA41H
CBS,-0.2263,0.091,0.909,0.0,28,10/05/2018,"Due to #NFL football game overrun, #CBS Sunday lineup is delayed in East/Central time zones ONLY. New start times:‚Ä¶ https://t.co/zmEn7CVlUi"
CBS,0.6124,0.0,0.81,0.19,29,10/05/2018,The cast of @GodFriendedMe answers some heavenly questions about social media before the show premieres tonight aft‚Ä¶ https://t.co/61Tx2GTn35
CBS,0.0,0.0,1.0,0.0,30,10/05/2018,RT @CBSAllAccess: Stream NFL on CBS LIVE today starting at 1pm ET on CBS All Access! üèà https://t.co/vsod8jYeZl https://t.co/UBp3R4UCAd
CBS,0.0,0.0,1.0,0.0,31,10/05/2018,"On @colbertlateshow, @TheNeighborhood's @CedEntertainer and Stephen recall the first time they met on a night when‚Ä¶ https://t.co/vjz1zVg4sR"
CBS,0.0,0.0,1.0,0.0,32,10/05/2018,".@happytogether's @wayansjr, @HereIsGina &amp; @latelateshow discuss the pros and cons of living with a pop star. Con:‚Ä¶ https://t.co/PLXFxfheW7"
CBS,0.0,0.0,1.0,0.0,33,10/05/2018,"If you haven't seen @SEALTeamCBS, make it your mission to know them before the #SEALTeam Season 2 premiere October‚Ä¶ https://t.co/NhCPI3lZSV"
CBS,0.0,0.0,1.0,0.0,34,10/05/2018,"‚ö°Ô∏è ‚ÄúMurphy Brown Returns to CBS‚Äù

https://t.co/3vsAg7WcB1"
CBS,0.0,0.0,1.0,0.0,35,10/05/2018,.@TheNeighborhood's @iamgreenfield revealing his Fiddler on the Roof goals on @latelateshow will be the earworm you‚Ä¶ https://t.co/swbh8HPwA1
CBS,0.0,0.0,1.0,0.0,36,10/05/2018,RT @MurphyBrownCBS: A moment 20 years in the making all comes down to this. #MurphyBrown returns to @CBS tonight! https://t.co/tWSMFM3YbG
CBS,0.0,0.0,1.0,0.0,37,10/05/2018,"Candice Bergen tells @colbertlateshow the presidential way tonight's @MurphyBrownCBS premiere imitates life, albeit‚Ä¶ https://t.co/4Kbk8gt6nS"
CBS,-0.34,0.25,0.581,0.169,38,10/05/2018,@marlagardner222 @jay_hernandez Good idea. The theme song is a dead giveaway. üòâ
CBS,0.0,0.0,1.0,0.0,39,10/05/2018,@queenmama7777 @CBSAllAccess We believe in you! https://t.co/ZK0xaPRxVr
CBS,0.0,0.0,1.0,0.0,40,10/05/2018,@BSkyjackcity @jokersupdates @CBSAllAccess On it. https://t.co/yxKX9ry7fw
CBS,0.1139,0.0,0.929,0.071,41,10/05/2018,Sixteen houseguests entered and now it's down to the Final 3. Don't miss a second of the 90-minute #BB20Finale toni‚Ä¶ https://t.co/KwDHR9Hfqu
CBS,0.6249,0.0,0.779,0.221,42,10/05/2018,"The tribe has spoken, and they do a pretty decent @JeffProbst impression just in time for the @survivorcbs Season P‚Ä¶ https://t.co/2Ps8VKblay"
CBS,0.0,0.0,1.0,0.0,43,10/05/2018,"‚ö°Ô∏è ‚ÄúFBI Premieres on CBS‚Äù

https://t.co/faL6iHZc5g"
CBS,-0.2714,0.138,0.764,0.098,44,10/05/2018,"RT @CBSAllAccess: A night of crime dramas?! Oh yes. üôå Stream @NCIS_CBS, @FBICBS &amp; @NCISNewOrleans starting at 8/7c on CBS All Access: https‚Ä¶"
CBS,-0.2263,0.091,0.909,0.0,45,10/05/2018,"Before @FBICBS premieres tonight, @mperegrym stopped by @CBSThisMorning to talk about her role as an FBI agent in t‚Ä¶ https://t.co/CPVki4Hv8y"
CBS,0.0,0.0,1.0,0.0,46,10/05/2018,RT @CBSAllAccess: üö® @PatrickBrammall. Tim Meadows. @jessicaalba. @iamgreenfield. @AHWAmySedaris. @ChrisGethard. @JoeManganiello. AND SO MAN‚Ä¶
CBS,0.7901,0.0,0.709,0.291,47,10/05/2018,RT @bigbangtheory: Happy #NationalComicBookDay from Sheldon and his many shirts! How are you sporting your favorite superhero today? #BigBa‚Ä¶
CBS,0.0,0.0,1.0,0.0,48,10/05/2018,"‚ö°Ô∏è ‚ÄúMagnum P.I. Premieres on CBS‚Äù

https://t.co/UtbQlcDG8S"
CBS,0.0,0.0,1.0,0.0,49,10/05/2018,".@jay_hernandez went on @latelateshow to talk about @MagnumPICBS, but he may have gotten @TiffanyHaddish as a surf‚Ä¶ https://t.co/a3acRu10aw"
CBS,0.0,0.0,1.0,0.0,50,10/05/2018,"RT @60Minutes: 60 Minutes turns 50 today. Tick, tick, tick ... https://t.co/3CVKEs9J7F"
CBS,-0.2263,0.087,0.913,0.0,51,10/05/2018,"Due to #NFL football game overrun, #CBS Sunday lineup is delayed in ATL, Indy, NOLA, Kansas City, NYC, Philly, Prov‚Ä¶ https://t.co/fejqoxtvSY"
CBS,0.0,0.0,1.0,0.0,52,10/05/2018,Kick off your Sunday with @NFL on CBS. Catch your local games live on CBS and @CBSAllAccess. üèàüì∫‚Ä¶ https://t.co/kbo7N27mY9
CBS,0.296,0.098,0.758,0.144,53,10/05/2018,"How does $100,000 sound? Because someone is going to win all that tonight on the @TKOCBS Battle Royale finale at 9p‚Ä¶ https://t.co/JEuUZ2QlQh"
CBS,-0.1531,0.162,0.714,0.123,54,10/05/2018,@colbertlateshow @IainLoveTheatre @IainLoveTheatre made a compelling argument. We'll get back to you. üòâ
CBS,0.296,0.0,0.891,0.109,55,10/05/2018,"Now that @bigbangtheory is entering its last season, Kaley Cuoco admits to @latelateshow she's over the show's noto‚Ä¶ https://t.co/xvhlMWBhSX"
CBS,0.7896,0.0,0.788,0.212,56,10/05/2018,RT @HawaiiFive0CBS: It‚Äôs the big Five-0! üéâ üåä #H50 premiered on this day in 1968! Celebrate 50 years of Hawaii Five-0 with every season of b‚Ä¶
CBS,0.0,0.0,1.0,0.0,57,10/05/2018,RT @JordanPeele: üì∫üåÄ https://t.co/CygbVi4JFC
CBS,-0.0531,0.236,0.588,0.176,58,10/05/2018,The @latelateshow and @JKCorden will never be good enough for @henrygolding's crazy rich mom.‚Ä¶ https://t.co/xVmH5Iyfvs
CBS,0.6486,0.0,0.791,0.209,59,10/05/2018,RT @CBSThisMorning: Imagine receiving a digital friend request from someone claiming to be God. What would you do? The new @CBS drama @GodF‚Ä¶
CBS,0.9642,0.0,0.473,0.527,60,10/05/2018,"RT @PriceIsRight: We're thrilled to be back with all new, fun, and exciting shows!!  We hope to give you another award winning season! HERE‚Ä¶"
CBS,0.0,0.0,1.0,0.0,61,10/05/2018,RT @SalvationCBS: X marks the spot on the heart-stopping season finale of #SalvationCBS tonight at 9/8c on CBS &amp; CBS All Access: https://t.‚Ä¶
CBS,0.3612,0.0,0.737,0.263,62,10/05/2018,Waiting for tonight's @Elementary_CBS season finale like https://t.co/Ou8342vGT9
CBS,-0.2263,0.091,0.909,0.0,63,10/05/2018,"Due to an NFL overrun, the CBS Sunday lineup is delayed in the East/Central cities ONLY. New start times:‚Ä¶ https://t.co/IypoJ0l16P"
CBS,0.0,0.0,1.0,0.0,64,10/05/2018,RT @CBSAllAccess: Sundays were made for NFL on CBS. üèàüíØ Stream NFL on CBS All Access live today: https://t.co/vsod8jGE7N https://t.co/co2528‚Ä¶
CBS,-0.4322,0.159,0.771,0.07,65,10/05/2018,"What happens when a PTA mom steals nearly $100,000 from her daughter's school? Don't miss the #PinkCollarCrimes sea‚Ä¶ https://t.co/Gjiy0pByaE"
CBS,-0.2481,0.233,0.598,0.17,66,10/05/2018,"RT @CBSAllAccess: No internet, no problem. You can now download and play your favorite shows on CBS All Access! üôå Learn how: https://t.co/y‚Ä¶"
CBS,0.0,0.0,1.0,0.0,67,10/05/2018,@PlaggemeyLee Mac's putting something together. üòâ https://t.co/6ww5HlV6Bx
CBS,0.0,0.0,1.0,0.0,68,10/05/2018,This just in... https://t.co/QG3OYF6Rfv
CBS,0.4753,0.083,0.699,0.218,69,10/05/2018,RT @CBSAllAccess: Get excited! Stream original #MurphyBrown episodes for a limited time on CBS All Access before the @MurphyBrownCBS reviva‚Ä¶
CBS,0.0,0.0,1.0,0.0,70,10/05/2018,"This just in! The 54th #ACMawards will air LIVE from Las Vegas on Sunday, April 7, 2019 at 8/7c on CBS and‚Ä¶ https://t.co/Q9e7qxe26l"
CBS,-0.2263,0.083,0.917,0.0,71,10/05/2018,"Due to an NFL overrun, CBS is delayed 17 mins in the following markets: Kansas City, Miami, Tampa, NOLA, New York,‚Ä¶ https://t.co/9eXZ9mA1Xb"
CBS,0.6705,0.0,0.744,0.256,72,10/05/2018,Are you ready for some football? üèà Stream your favorite NFL games LIVE on #CBSAllAccess today:‚Ä¶ https://t.co/eHt8guHoyv
CBS,0.4215,0.0,0.851,0.149,73,10/05/2018,An unforgettable night of inspiring stories and performances highlighting the 10 years of impact #StandUpToCancer c‚Ä¶ https://t.co/8bp2XNKwfH
CBS,0.0,0.0,1.0,0.0,74,10/05/2018,The star-studded event is about to begin! Tune in now to watch #StandUpToCancer on CBS and @cbsallaccess. https://t.co/cD8TJuQBog
CBS,-0.5411,0.196,0.712,0.092,75,10/05/2018,"RT @cbsallaccess: Join #TellMeAStory's @daniellemcam, @BillyMagnussen &amp; Dorian Missick by standing up to cancer! Watch @SU2C tonight at 8/7‚Ä¶"
CBS,0.0,0.0,1.0,0.0,76,10/05/2018,Tune in to a first-of-its-kind digital live show as lead up to @SU2C‚Äôs televised event tonight! The show will featu‚Ä¶ https://t.co/hIVaLAXYmR
CBS,-0.296,0.121,0.879,0.0,77,10/05/2018,Hollywood legend Burt Reynolds has passed away at the age of 82. He will be missed. https://t.co/HSmcJ9X9iC
CBS,0.4753,0.0,0.808,0.192,78,10/05/2018,Here are @FBICBS‚Äô @JeremySisto and @EboneeReigne with a powerful message before #StandUpToCancer airs tomorrow! https://t.co/OCqh91N1OO
CBS,0.0,0.0,1.0,0.0,79,10/05/2018,Here's everything you need to know before tuning into #StandUpToCancer this Friday at 8/7c: https://t.co/IT9ht84TZ1 https://t.co/OK4AOxw5mP
CBS,0.3612,0.0,0.889,0.111,80,10/05/2018,Survivor host @JeffProbst is here to break down the theme of #Survivor: David vs. Goliath before the new season beg‚Ä¶ https://t.co/8TcA200eFQ
CBS,0.6908,0.0,0.467,0.533,81,10/05/2018,"Thanks, @StephenAtHome. 
P.S. Nice beard. #LSSC https://t.co/wppVtfR9cL"
CBS,0.4215,0.0,0.865,0.135,82,10/05/2018,The biggest names in entertainment are coming together once again for #StandUpToCancer this Friday at 8/7c on @CBS‚Ä¶ https://t.co/ntuGKLYvuW
CBS,0.6514,0.0,0.829,0.171,83,10/05/2018,RT @cbsallaccess: Stream #17 @WestVirginiaU vs. @UTKnoxville LIVE today at 3:30PM ET on CBS All Access! Try 1 month FREE using code BINGENO‚Ä¶
CBS,0.0,0.0,1.0,0.0,84,10/05/2018,"In just one week, @RWitherspoon, @McConaughey, Jennifer Garner, and more will attend the #‚ÄãStandUpToCancer fundrais‚Ä¶ https://t.co/iHKGOoWejA"
CBS,0.0,0.0,1.0,0.0,85,10/05/2018,"Believe in miracles. Watch this sneak peek of the complete premiere episode of @GodFriendedMe now, a month before i‚Ä¶ https://t.co/5AIUH5VmMk"
CBS,-0.6908,0.239,0.761,0.0,86,10/05/2018,"RT @cbsallaccess: Money. Murder. Mystery. #OneDollar is now streaming, exclusively on CBS All Access. https://t.co/3qFdTEmVU5 https://t.co/‚Ä¶"
CBS,0.6239,0.0,0.83,0.17,87,10/05/2018,RT @GodFriendedMe: It's a godsend! We're dropping the #GodFriendedMe pilot tomorrow right here on Twitter for you to stream a full month be‚Ä¶
CBS,0.0,0.0,1.0,0.0,88,10/05/2018,"It's almost time for sweater weather, pumpkin spice lattes, and CBS Fall TV premieres. Check out the storylines for‚Ä¶ https://t.co/BpgDyYl8fc"
CBS,-0.4389,0.112,0.888,0.0,89,10/05/2018,RT @cbsallaccess: #NFL preseason coverage is here! üèà The Detroit @Lions battle the Tampa Bay @Buccaneers tonight at 8PM ET. Stream the game‚Ä¶
CBS,0.0,0.0,1.0,0.0,90,10/05/2018,"@bigbangtheory üé∂...happy kitty, sleepy kitty, purr purr purrüé∂ #TheBigBangTheory https://t.co/sEObppGJlZ"
CBS,0.0,0.0,1.0,0.0,91,10/05/2018,"This is going to require multiple singings of ""Soft Kitty."" https://t.co/UdRGNeQ7Lb"
CBS,0.5423,0.0,0.829,0.171,92,10/05/2018,Got to get more of the @PaulMcCartney #CarpoolKaraoke into your life? @latelateshow produced an hour-long bonus spe‚Ä¶ https://t.co/DjPqajo6Xn
CBS,0.3182,0.0,0.887,0.113,93,10/05/2018,"How much does it cost to bury the truth? 
#OneDollar premieres August 30, exclusively on CBS All Access. https://t.co/ZL5TBH9ro5"
CBS,0.0,0.0,1.0,0.0,94,10/05/2018,Things got carried away when @ArianaGrande joined @latelateshow for #CarpoolKaraoke. So did Ariana. #ArianaCarpool https://t.co/WSZcC0TaYz
CBS,-0.5267,0.188,0.72,0.092,95,10/05/2018,RT @cbsallaccess: Murder mystery set in a small town? We're in. Rediscover the genius of original #TwinPeaks co-creators @DAVID_LYNCH and @‚Ä¶
CBS,0.0,0.0,1.0,0.0,96,10/05/2018,New start times for @60Minutes 7:20ET/6:20CT @CBSBigBrother 8:20ET/7:20CT @NCISLA 9:20ET/8:20CT @Elementary_CBS 10:‚Ä¶ https://t.co/Op9VcDsREa
CBS,0.4389,0.0,0.874,0.126,97,10/05/2018,Clear your schedules for the 100th #PGAChamp! Stream the Final Round LIVE on @cbsallaccess at 2 PM ET across all de‚Ä¶ https://t.co/m6bH2pKTUN
CBS,-0.3182,0.103,0.897,0.0,98,10/05/2018,The fortune teller you‚Äôll meet this Saturday lived a life of luxury... by scamming her victims out of hundreds of t‚Ä¶ https://t.co/fJo6F2Eo5p
CBS,0.4926,0.0,0.856,0.144,99,10/05/2018,The 100th PGA Championship continues today! Stream it LIVE on @cbsallaccess at 2PM ET across all devices. Try 1 Wee‚Ä¶ https://t.co/jbMg06eOND
CBS,0.8957,0.0,0.581,0.419,100,10/05/2018,"To celebrate the 100th PGA Championship, relive some of the tournament's greatest moments with Luke Wilson. 

Don't‚Ä¶ https://t.co/wUuB93smr4"
CNN,0.0,0.0,1.0,0.0,1,10/05/2018,Former Secretary of State John Kerry said he has not met with any Iranians since President Donald Trump pulled out‚Ä¶ https://t.co/tngCGhE6QJ
CNN,-0.4019,0.162,0.838,0.0,2,10/05/2018,Appeals court says complaints about Brett Kavanaugh don't pertain to conduct as judge https://t.co/jPbI6Mv0rr https://t.co/qH3tCJ2rBG
CNN,-0.0258,0.084,0.916,0.0,3,10/05/2018,President Trump touts 'historic night' at Kansas rally after Kavanaugh's confirmation https://t.co/RYbPIlAAD0 https://t.co/uwRZE7cOXL
CNN,0.0772,0.0,0.925,0.075,4,10/05/2018,You may want to check your fridge and garage for all these things recalled this week https://t.co/zlnAWqKsAh
CNN,0.0,0.0,1.0,0.0,5,10/05/2018,Where Brett Kavanaugh stands on key issues https://t.co/8WDKUvkqoR https://t.co/D8HpGxK9k3
CNN,0.6369,0.135,0.529,0.337,6,10/05/2018,"Justice Elena Kagan worries about the ""legitimacy"" of a politically divided Supreme Court https://t.co/JqGhPJKjzn https://t.co/H0NmwjVraF"
CNN,0.7906,0.0,0.611,0.389,7,10/05/2018,Brett Kavanaugh has been sworn in as a US Supreme Court justice https://t.co/1wR6L8kHAn https://t.co/WdCBOHgSBH
CNN,0.0,0.0,1.0,0.0,8,10/05/2018,How senators voted on Brett Kavanaugh https://t.co/98Dq1mGYtw
CNN,0.0,0.0,1.0,0.0,9,10/05/2018,"31 days out, midterms voting has already begun https://t.co/ufA15NsaPC"
CNN,0.4019,0.0,0.787,0.213,10,10/05/2018,Getting to yes: How the Senate confirmed Brett Kavanaugh https://t.co/3VlJKFCgPF https://t.co/u8MLwHO9aj
CNN,0.8439,0.0,0.712,0.288,11,10/05/2018,"RT @CNNPolitics: President Donald Trump: ""We're very happy and the vote was a great vote, a very historic vote. I just spoke to [Brett Kava‚Ä¶"
CNN,0.5574,0.0,0.783,0.217,12,10/05/2018,President Trump congratulates Brett Kavanaugh following his confirmation to the US Supreme Court‚Ä¶ https://t.co/k6KjvzDX2f
CNN,-0.1027,0.076,0.924,0.0,13,10/05/2018,"President Donald Trump warns that Sen. Lisa Murkowski ""will never recover"" for opposing Brett Kavanaugh, The Washin‚Ä¶ https://t.co/gM5VAvwK8K"
CNN,0.4019,0.078,0.776,0.147,14,10/05/2018,"A large crowd of protesters has surged onto the front steps of the US Supreme Court, chanting, ""Kavanaugh has got t‚Ä¶ https://t.co/XtGU5FGgrh"
CNN,0.0,0.0,1.0,0.0,15,10/05/2018,Officer who shot Tamir Rice hired by small police department in Ohio https://t.co/L2uG64rZen
CNN,0.7269,0.0,0.697,0.303,16,10/05/2018,"President Donald Trump praises Sen. Susan Collins for support of Brett Kavanaugh: ""Susan was incredible""‚Ä¶ https://t.co/8ood7fUb4e"
CNN,0.0,0.0,1.0,0.0,17,10/05/2018,How senators voted on Brett Kavanaugh https://t.co/HPwub2gliD
CNN,0.5719,0.0,0.824,0.176,18,10/05/2018,"RT @CNNPolitics: Senate Majority Leader Mitch McConnell: ""This is a good day for America and an important day for the Senate. We stood up f‚Ä¶"
CNN,0.0,0.0,1.0,0.0,19,10/05/2018,RT @CNNOpinion: CNN Opinion asked a diverse group of commentators to weigh in with what the Brett Kavanaugh confirmation process has taught‚Ä¶
CNN,0.296,0.194,0.522,0.284,20,10/05/2018,How Kavanaugh maneuvered to win his confirmation fight https://t.co/MPOnYbptmP
CNN,0.5574,0.0,0.841,0.159,21,10/05/2018,JUST IN: Brett Kavanaugh has been confirmed to the Supreme Court. Watch Vice President Mike Pence announce the resu‚Ä¶ https://t.co/q0XTTb3WyP
CNN,0.5574,0.0,0.783,0.217,22,10/05/2018,BREAKING: The Senate has voted to confirm Brett Kavanaugh to the Supreme Court https://t.co/BlrF7JWT7L
CNN,0.0,0.0,1.0,0.0,23,10/05/2018,"""A vote to confirm Judge Kavanaugh today is a vote to end this brief, dark chapter in the Senate's history and turn‚Ä¶ https://t.co/Ov5m5Fwi9M"
CNN,-0.2144,0.111,0.816,0.073,24,10/05/2018,"""I understand, I share the deep anguish that millions of Americans are experiencing today. But I say to you, my fel‚Ä¶ https://t.co/vEFpsvfKQ0"
CNN,0.0,0.0,1.0,0.0,25,10/05/2018,Turkey launches investigation into Saudi journalist's disappearance https://t.co/GxSOsrnn9I
CNN,0.6249,0.0,0.814,0.186,26,10/05/2018,"President Trump says he's looking forward to Brett Kavanaugh's confirmation vote and that he ""will be a great justi‚Ä¶ https://t.co/LxxokFjh53"
CNN,0.0,0.0,1.0,0.0,27,10/05/2018,Democrats say Michael Avenatti undercut their case against Brett Kavanaugh https://t.co/BXkRDq4zvg
CNN,0.5574,0.0,0.816,0.184,28,10/05/2018,The Senate is expected to vote on Supreme Court nominee Brett Kavanaugh around 3:30 p.m. ET https://t.co/ovXC9SKj2G
CNN,0.0,0.0,1.0,0.0,29,10/05/2018,Banksy painting 'self-destructs' moments after being sold for $1.4 million at auction https://t.co/3TLhgOYng1 https://t.co/EWDzQJmh2g
CNN,-0.3384,0.112,0.888,0.0,30,10/05/2018,"President Trump's older sister, Judge Maryanne Trump Barry, has kept a very low profile since he ran for office. Bu‚Ä¶ https://t.co/kCYIFE2UbY"
CNN,0.0772,0.0,0.925,0.075,31,10/05/2018,You may want to check your fridge and garage for all these things recalled this week https://t.co/pQuNVq29EJ
CNN,0.4019,0.081,0.766,0.153,32,10/05/2018,Protesters have gathered outside of the US Capitol to oppose the appointment of Brett Kavanaugh to the Supreme Cour‚Ä¶ https://t.co/ozkmUUtMCD
CNN,-0.2263,0.147,0.853,0.0,33,10/05/2018,NFL settles lawsuit with family of legendary linebacker Junior Seau https://t.co/QpeCPcwaw3 https://t.co/v6rUXsDqQP
CNN,-0.2263,0.091,0.909,0.0,34,10/05/2018,Protesters are gathering in Washington and other cities to oppose the appointment of Brett Kavanaugh to the US Supr‚Ä¶ https://t.co/uj7QemAHf0
CNN,-0.0274,0.111,0.737,0.152,35,10/05/2018,"Vitamin D supplements do not improve bone mineral density or prevent fractures or falls in adults, a large study fi‚Ä¶ https://t.co/RWwyX920BH"
CNN,0.0,0.0,1.0,0.0,36,10/05/2018,"Christine Blasey Ford's sister-in-law on Sens. Joe Manchin and Susan Collins' remarks about Ford: ""I think they're‚Ä¶ https://t.co/pxg5HS4EUc"
CNN,0.8555,0.0,0.539,0.461,37,10/05/2018,Brett Kavanaugh poised to win confirmation to the Supreme Court this afternoon https://t.co/QOiG2w1R17 https://t.co/vU29RznI3B
CNN,0.0,0.0,1.0,0.0,38,10/05/2018,"First lady Melania Trump: ""Glad"" both Brett Kavanaugh and Christine Blasey Ford were heard https://t.co/BTcWSzRquT https://t.co/nCFG6sMG06"
CNN,0.0,0.0,1.0,0.0,39,10/05/2018,How Casper drove Mattress Firm into bankruptcy https://t.co/aLXD2SFkO0
CNN,0.0,0.0,1.0,0.0,40,10/05/2018,"Interpol says it has asked Chinese authorities for information about the agency's president, Meng Hongwei, who was‚Ä¶ https://t.co/ZqRHagCIsf"
CNN,0.0,0.0,1.0,0.0,41,10/05/2018,Where women are turning toward Democrats. And where they're not. https://t.co/5pGBoJHTde https://t.co/6DsehTYTK4
CNN,-0.4019,0.247,0.57,0.183,42,10/05/2018,"Eating processed meats like bacon, sausages and ham could increase the risk of breast cancer, a study shows.

Regul‚Ä¶ https://t.co/75p6C7uZyv"
CNN,0.0,0.0,1.0,0.0,43,10/05/2018,"3,000 items from the personal collection of Neil Armstrong, the first man to walk on the moon, go up for auction ne‚Ä¶ https://t.co/U3Iujoce2r"
CNN,0.5574,0.0,0.854,0.146,44,10/05/2018,"RT @CNNPolitics: First lady Melania Trump says Brett Kavanaugh is ""highly qualified"" for the Supreme Court. Trump added that she is ""glad""‚Ä¶"
CNN,-0.3384,0.112,0.888,0.0,45,10/05/2018,"President Trump's older sister, Judge Maryanne Trump Barry, has kept a very low profile since he ran for office. Bu‚Ä¶ https://t.co/V66r1nOsY7"
CNN,-0.0258,0.209,0.642,0.15,46,10/05/2018,"A two-year-old boy shredded more than $1,000 his parents had saved to pay a debt https://t.co/mNZgfPOVTU https://t.co/0WXB6iqKhH"
CNN,0.5719,0.0,0.837,0.163,47,10/05/2018,The commercial success of virtual reality may depend on being able to make real human connections on VR platforms.‚Ä¶ https://t.co/nantNaBe5f
CNN,0.0,0.0,1.0,0.0,48,10/05/2018,Banksy painting 'self-destructs' moments after being sold for $1.4 million at auction https://t.co/7vZCtzefGO https://t.co/rNMsnCQgfw
CNN,0.4927,0.0,0.856,0.144,49,10/05/2018,Are standing desks really good for you? Proponents claim that eliminating sitting from your work life can make you‚Ä¶ https://t.co/7qZ8xaAfqB
CNN,0.4588,0.0,0.85,0.15,50,10/05/2018,What happens when your son defies traditional gender labels? @lisaling talks about acceptance with @prince_ej and h‚Ä¶ https://t.co/la5im7JKu3
CNN,0.4404,0.0,0.868,0.132,51,10/05/2018,"A rock that was used as a doorstop for the past 30 years turned out to be a meteorite valued at $100,000‚Ä¶ https://t.co/BdDez94eAM"
CNN,-0.2023,0.114,0.886,0.0,52,10/05/2018,"High-population cities have longer-lasting flu seasons, while lower-population cities have shorter but more intense‚Ä¶ https://t.co/OY9GxhD080"
CNN,0.0,0.0,1.0,0.0,53,10/05/2018,"At 120 years old, the Star Ferry is Hong Kong's oldest form of public transportation -- and the company's green and‚Ä¶ https://t.co/DNH2kUPEhv"
CNN,0.2732,0.0,0.909,0.091,54,10/05/2018,"Albert Einstein's famous ""God Letter"" is expected to fetch at least $1 million when it goes up for auction in Decem‚Ä¶ https://t.co/LLFIO0tJN2"
CNN,0.0,0.0,1.0,0.0,55,10/05/2018,Germany's Bayern Munich is exploring the relationship between crowd noise and on-pitch performance. Using acoustic‚Ä¶ https://t.co/KFBfMs6PGS
CNN,-0.4019,0.247,0.57,0.183,56,10/05/2018,"Eating processed meats like bacon, sausages and ham could increase the risk of breast cancer, a study shows.

Regul‚Ä¶ https://t.co/lDBxOcKFZJ"
CNN,0.0,0.0,1.0,0.0,57,10/05/2018,"Take a rare tour underneath and inside San Francisco's Golden Gate Bridge where about 200 iron workers, engineers,‚Ä¶ https://t.co/W0jB5i9vwL"
CNN,0.6705,0.148,0.542,0.31,58,10/05/2018,This woman is being hailed as a hero after confronting another woman who was criticizing two friends for speaking S‚Ä¶ https://t.co/hbQAR3WSJL
CNN,0.0,0.0,1.0,0.0,59,10/05/2018,"Christine Blasey Ford's sister-in-law on Sens. Joe Manchin and Susan Collins' remarks about Ford: ""I think they're‚Ä¶ https://t.co/ddv4o3lMOy"
CNN,0.0,0.0,1.0,0.0,60,10/05/2018,"At 106 (and 1/2), this doctor isn't slowing down https://t.co/l59QWAFkfX https://t.co/DrxCBCGDaO"
CNN,-0.128,0.073,0.927,0.0,61,10/05/2018,"Ford is cutting staff as it transforms its business.

The second largest US automaker said it was reorganizing its‚Ä¶ https://t.co/EqyxZOhqPT"
CNN,0.0,0.0,1.0,0.0,62,10/05/2018,Christine Blasey Ford is on the cover of this week's Time magazine. But it's not a photograph of Ford; it's an illu‚Ä¶ https://t.co/1rdp9gwXNM
CNN,-0.2263,0.147,0.853,0.0,63,10/05/2018,NFL settles lawsuit with family of legendary linebacker Junior Seau https://t.co/QVhlhWlxQD https://t.co/1vVTfffh9z
CNN,0.0,0.0,1.0,0.0,64,10/05/2018,"NYC to Boston in 36 minutes? Transcend Air has plans for a jet-fast plane that takes off and lands vertically, allo‚Ä¶ https://t.co/k27fr1VBNV"
CNN,0.4404,0.0,0.873,0.127,65,10/05/2018,A 22-pound rock that has been propping open a door in Michigan for decades turns out to be a meteorite valued at $1‚Ä¶ https://t.co/rPFACuLwGH
CNN,0.0,0.0,1.0,0.0,66,10/05/2018,"Luxury tourism is on the rise in Tulum, Mexico. But the beaches there are also home to nesting sea turtles, which a‚Ä¶ https://t.co/duPw4RNMr1"
CNN,0.4215,0.0,0.865,0.135,67,10/05/2018,The FDA has revoked the use of seven food additives after environmentalists and food safety experts presented data‚Ä¶ https://t.co/IBcJ0KwGhl
CNN,0.5994,0.0,0.804,0.196,68,10/05/2018,Hershey has a super secret chocolate lab where all its products get dreamed up. Go inside: https://t.co/qarEkoIhZa https://t.co/enN7FV8EPx
CNN,-0.0258,0.209,0.642,0.15,69,10/05/2018,"A two-year-old boy shredded more than $1,000 his parents had saved to pay a debt https://t.co/3mpdyXpZAk https://t.co/ybmPeEgs8r"
CNN,0.25,0.0,0.905,0.095,70,10/05/2018,A man's vision changed dramatically after he took a gulp of a drug he bought online that is commonly used to treat‚Ä¶ https://t.co/kOB4cqVpSL
CNN,-0.0274,0.111,0.737,0.152,71,10/05/2018,"Vitamin D supplements do not improve bone mineral density or prevent fractures or falls in adults, a large study fi‚Ä¶ https://t.co/trVIqTQpfI"
CNN,0.0,0.0,1.0,0.0,72,10/05/2018,"An 8-year-old girl drew a pre-Viking-era sword from a Swedish lake, prompting locals to name her the ""Queen of Swed‚Ä¶ https://t.co/vSd9l1qMLO"
CNN,0.8591,0.0,0.689,0.311,73,10/05/2018,The 2018 Nobel Peace Prize has been awarded to Denis Mukwege and Nadia Murad for their efforts to end the use of se‚Ä¶ https://t.co/DE5E6ebpJN
CNN,0.0,0.0,1.0,0.0,74,10/05/2018,A financial disclosure from Donald Trump's sister led to The New York Times report on his taxes‚Ä¶ https://t.co/a6LcrLExvd
CNN,0.296,0.223,0.522,0.255,75,10/05/2018,"RT @CNNTonight: ""I'm grieving for the loss of truth and justice in our system, for the undermining of the Supreme Court process and also fo‚Ä¶"
CNN,0.5719,0.0,0.829,0.171,76,10/05/2018,Friday night lights shine as a Georgia high school wins its first football game since teammate Dylan Thomas' death‚Ä¶ https://t.co/6Mj1tCv79A
CNN,-0.34,0.13,0.87,0.0,77,10/05/2018,"Authorities have been saying a vehicle somehow started California's Ferguson Fire. 

Now, the US Forest Service say‚Ä¶ https://t.co/dqkJD6Lv6J"
CNN,-0.6418,0.258,0.624,0.118,78,10/05/2018,"RT @CNNTonight: CNN's @DonLemon: ""The fight over Supreme Court nominee Brett Kavanaugh has been so brutal that nobody's really coming out o‚Ä¶"
CNN,0.6486,0.0,0.73,0.27,79,10/05/2018,"CNN Business went inside Amazon HQ to see how Amazon uses AI to improve customer experiences, from cashier-less sto‚Ä¶ https://t.co/WSVmJSQ8FT"
CNN,0.0,0.0,1.0,0.0,80,10/05/2018,"Before it was used by celebrities and politicians, Twitter was nothing more than an idea sketched on Jack Dorsey's‚Ä¶ https://t.co/BtczZGnrMP"
CNN,0.8442,0.083,0.542,0.375,81,10/05/2018,Supreme Court Justice Elena Kagan expressed concern over the court's lack of a swing vote with Justice Anthony Kenn‚Ä¶ https://t.co/y6gv8zhE6b
CNN,-0.1406,0.084,0.916,0.0,82,10/05/2018,"From a very young age, future K-pop idols follow a rigorous training regime, but only a few aspiring superstars mak‚Ä¶ https://t.co/Ld9DFzDfj4"
CNN,0.7906,0.0,0.708,0.292,83,10/05/2018,"Justice Elena Kagan expresses concern as to whether the US Supreme Court will have a ""middle position"" going forwar‚Ä¶ https://t.co/qB51s9FTom"
CNN,0.6705,0.148,0.542,0.31,84,10/05/2018,This woman is being hailed as a hero after confronting another woman who was criticizing two friends for speaking S‚Ä¶ https://t.co/YvdfBuahlS
CNN,0.0,0.0,1.0,0.0,85,10/05/2018,How the Democrats got outplayed on Kavanaugh | By Julian Zelizer via @CNNOpinion https://t.co/DDeb334HSc https://t.co/HkG8tUCwVP
CNN,0.1027,0.098,0.787,0.114,86,10/05/2018,"RT @CuomoPrimeTime: ""I always thought there was hope. That's why I was fighting. ... When I spoke with Senator Flake, I did not think that‚Ä¶"
CNN,0.4215,0.0,0.872,0.128,87,10/05/2018,The FDA has approved the use of a human papillomavirus vaccine called Gardasil 9 for men and women between the ages‚Ä¶ https://t.co/upmevwjuJN
CNN,0.0772,0.0,0.929,0.071,88,10/05/2018,"RT @AC360: ""C'mon Carrie, be realistic."" 
@JeffreyToobin challenges @JCNSeverino on the goals, and potential implications, of adding Judge‚Ä¶"
CNN,0.3182,0.0,0.892,0.108,89,10/05/2018,"Sen. Lisa Murkowski said she remains a ""no"" on Supreme Court nominee Brett Kavanaugh but will vote ""present"" for Sa‚Ä¶ https://t.co/HhvrujSjD7"
CNN,-0.3412,0.103,0.897,0.0,90,10/05/2018,"Juror after juror said Jason Van Dyke was not a good witness. He was rehearsed, some said. He was not believable, s‚Ä¶ https://t.co/xkb34pO9St"
CNN,0.0,0.0,1.0,0.0,91,10/05/2018,"RT @OutFrontCNN: Democratic nominee Ayanna Pressley says Brett Kavanaugh's confirmation is a ""permanent black eye"" on the Senate and believ‚Ä¶"
CNN,-0.25,0.091,0.909,0.0,92,10/05/2018,"RT @AC360: In a sit-down interview with @DanaBashCNN, Dr. Ford's lawyers address the accusation that her testimony was designed simply to c‚Ä¶"
CNN,-0.1244,0.085,0.915,0.0,93,10/05/2018,A lawyer representing Christine Blasey Ford says she absolutely does not want Brett Kavanaugh impeached if Democrat‚Ä¶ https://t.co/2G1jjQB6Zt
CNN,0.0,0.0,1.0,0.0,94,10/05/2018,"RT @cnnbrk: Sen. Steve Daines will be attending his daughter's wedding Saturday in Montana, but still may fly back to Washington to vote to‚Ä¶"
CNN,0.0,0.0,1.0,0.0,95,10/05/2018,This Louisiana library waived its $3 late fee for an overdue book that was returned after 84 years‚Ä¶ https://t.co/98gzdAs93s
CNN,0.743,0.0,0.717,0.283,96,10/05/2018,Former President George W. Bush made several calls reassuring Sen. Susan Collins about Supreme Court nominee Brett‚Ä¶ https://t.co/noo3ZYN41P
CNN,0.3182,0.0,0.796,0.204,97,10/05/2018,'Emotional' Facebook staff meeting addresses exec who supported Kavanaugh https://t.co/wpzGO6HVIa
CNN,0.4019,0.0,0.895,0.105,98,10/05/2018,Sen. Joe Manchin of West Virginia is on track to be the only Senate Democrat to break ranks with his party and vote‚Ä¶ https://t.co/o6QEOIC9R2
CNN,0.7506,0.0,0.758,0.242,99,10/05/2018,"""I have a very high standard. I have a very high bar for any nominee to the Supreme Court of the United States."" -‚Ä¶ https://t.co/EqdCRXFSvN"
CNN,0.0,0.0,1.0,0.0,100,10/05/2018,"RT @CNNPolitics: Murkowski: ""A judge shall act at all times, not just sometimes when you're wearing your robe. But, a judge should act at a‚Ä¶"
Fox,0.8012,0.0,0.745,0.255,1,10/05/2018,"RT @fox: üö® @calibreapp is hiring (remote). @benschwarz is one of the most passionate people, deeply caring about building a sustainable, in‚Ä¶"
Fox,0.7089,0.0,0.718,0.282,2,10/05/2018,"If you‚Äôre interested in building a more welcoming Web, web performance, user experience, contributing in many areas‚Ä¶ https://t.co/DEjPCYO61S"
Fox,0.8012,0.0,0.726,0.274,3,10/05/2018,"üö® @calibreapp is hiring (remote). @benschwarz is one of the most passionate people, deeply caring about building a‚Ä¶ https://t.co/TvvTzTKtJz"
Fox,0.2023,0.106,0.745,0.149,4,10/05/2018,"RT @lehudgins: ""I don't believe in equal opportunity offense because there isn't equal opportunity."" -@harikondabolu

#xoxofest2018"
Fox,-0.7964,0.323,0.677,0.0,5,10/05/2018,RT @GermanCityGirl: ‚ÄúThere‚Äôs no goddamned thought police or so many white men would be arrested by now.‚Äù - @harikondabolu #XOXOFest #xoxo
Fox,-0.3818,0.169,0.74,0.092,6,10/05/2018,RT @jina: I'm tired of people saying that CSS is a useless skill to have. I built up my whole career around it and I'm proud of the work I'‚Ä¶
Fox,0.6249,0.0,0.687,0.313,7,10/05/2018,RT @femfreq: Great advice from @ContraPoints üòÇüòâ #XOXOFest #xoxo https://t.co/JxCOcxLNQ7
Fox,0.3612,0.0,0.889,0.111,8,10/05/2018,"After so many years, I‚Äôm finally here, ready to undeniably be blown away. üíô @andymcmillan and @waxpancake for bring‚Ä¶ https://t.co/j0vihTKMTN"
Fox,0.0,0.0,1.0,0.0,9,10/05/2018,@jennschiffer hi Jenn look right
Fox,0.4404,0.0,0.838,0.162,10,10/05/2018,"@ohhoe @alicegoldfuss pok pok, bollywood theather, woodsman tavern, harlow, good coffee, coava coffee, stumptown, s‚Ä¶ https://t.co/aHWKgPpSTR"
Fox,0.0,0.0,1.0,0.0,11,10/05/2018,@paulozoom the only suitable plan seems to be ice cream?
Fox,0.5411,0.0,0.83,0.17,12,10/05/2018,@alicegoldfuss @ohhoe here to provide recommendations if anyone needs some! especially in SE ‚úåüèª
Fox,0.4939,0.0,0.775,0.225,13,10/05/2018,@paulozoom I see you creepin‚Äô in the SE üëãüèª
Fox,0.0,0.0,1.0,0.0,14,10/05/2018,@mrmrs_ I got u https://t.co/rWaFh4GOaW
Fox,0.4939,0.0,0.652,0.348,15,10/05/2018,@amelielamont üôãüèª
Fox,0.0,0.0,1.0,0.0,16,10/05/2018,"@justkelly_ok omg, see you there!"
Fox,0.8176,0.0,0.762,0.238,17,10/05/2018,"I can‚Äôt even begin to grasp how many amazing people are going to be at @xoxo later this week. So excited!

Say hi, don‚Äôt be a stranger! üëãüèªüíñ"
Fox,0.296,0.075,0.796,0.128,18,10/05/2018,"RT @css: A new Chrome feature dubbed ""Blink LazyLoad"" is designed to dramatically improve performance by deferring the load of below-the-fo‚Ä¶"
Fox,0.7258,0.08,0.655,0.265,19,10/05/2018,"I‚Äôm so happy I work at a company that deeply cares about, tracks, stays humble and makes no excuses for pitfalls in‚Ä¶ https://t.co/IgZJlMkP07"
Fox,0.7717,0.0,0.739,0.261,20,10/05/2018,"RT @fox: üëãüèªI‚Äôm selling a bit of Apple gear in excellent condition, Melbourne only. Retweets welcome. Reply or email if you‚Äôre interested.‚Ä¶"
Fox,0.2732,0.0,0.905,0.095,21,10/05/2018,"A friendly reminder that Guetzli, Google‚Äôs open source JPEG encoder, might be slower but can yield even up to 50% a‚Ä¶ https://t.co/FN26irQYi8"
Fox,-0.204,0.233,0.619,0.147,22,10/05/2018,"Lazy loading content can be a very powerful performance strategy. Unfortunately, often it‚Äôs complicated to implemen‚Ä¶ https://t.co/ZHbSmxFB25"
Fox,0.7717,0.0,0.717,0.283,23,10/05/2018,"üëãüèªI‚Äôm selling a bit of Apple gear in excellent condition, Melbourne only. Retweets welcome. Reply or email if you‚Äôr‚Ä¶ https://t.co/Kift5NHw9e"
Fox,-0.264,0.198,0.674,0.128,24,10/05/2018,"@j2h @benschwarz I get off twitter and this is what happens? what is this bromance, Josh??? should I feel threatened? üòÇ"
Fox,-0.1027,0.172,0.677,0.151,25,10/05/2018,"We all need a bit of good news in those disturbing times‚Äîhere‚Äôs where @goodgoodgood delivers. 

https://t.co/T5qhMKd4aY"
Fox,0.5423,0.0,0.8,0.2,26,10/05/2018,"I travel a bit and carefully choose where I stay, eat and go (uh, the designer struggle). I üòç @sabrina‚Äôs‚Ä¶ https://t.co/f43vmBg3DW"
Fox,-0.1945,0.153,0.728,0.118,27,10/05/2018,I‚Äôve recently subscribed to @jkglei‚Äôs newsletter and never looked back. Love the focus on thoughtful technology and‚Ä¶ https://t.co/m28bMmSEBV
Fox,0.8316,0.0,0.596,0.404,28,10/05/2018,"If customer success, culture, growth and product are your jam, I couldn‚Äôt recommend @helpscout‚Äôs newsletters more.‚Ä¶ https://t.co/8ji9mKMLeX"
Fox,0.5267,0.0,0.833,0.167,29,10/05/2018,"I have been enjoying @intercom newsletters for product, marketing and startup tips. The quality has always been ama‚Ä¶ https://t.co/fA9fw1KXIt"
Fox,0.7717,0.0,0.676,0.324,30,10/05/2018,"The Daily Good from @thegoodtrade covers conscious, sustainable fashion, wellbeing, beauty, food, lifestyle and tra‚Ä¶ https://t.co/qmAOyGcm9i"
Fox,0.5719,0.0,0.812,0.188,31,10/05/2018,Friday is one of my favourite days because of @girlsnightinHQ. A perfect encapsulation of self-care and womanhood.‚Ä¶ https://t.co/HhI1mGfXe8
Fox,0.9201,0.0,0.536,0.464,32,10/05/2018,"I love @offscreenmag Dispatch. Great productivity tools, services and design objects all wrapped up in a lovely des‚Ä¶ https://t.co/lR8tsWKGNw"
Fox,0.0,0.0,1.0,0.0,33,10/05/2018,Here are my favourite newsletters (it‚Äôs now the primary way I discover content as I‚Äôve mostly ditched reading social media). ‚Üì
Fox,0.4019,0.0,0.847,0.153,34,10/05/2018,RT @6Gems: Black women are paid 38% less than white men. I support equal pay‚Äîbecause #38PercentCounts. https://t.co/mXFOdcL8Q3
Fox,0.0,0.0,1.0,0.0,35,10/05/2018,"If you‚Äôre up for a conference-grade talk about UX and groundbreaking performance strategies, come to see‚Ä¶ https://t.co/x2sghiw62F"
Fox,0.4404,0.0,0.868,0.132,36,10/05/2018,"RT @Calibreapp: Scheduler 2.0

Our longest standing feature request was to improve Calibre‚Äôs test scheduler. That‚Äôs exactly what we‚Äôve done‚Ä¶"
Fox,0.7574,0.0,0.755,0.245,37,10/05/2018,"RT @fox: Hey #dddperth, here are the slides with all the references from my keynote about building a welcoming, ethical Web! Transcript com‚Ä¶"
Fox,0.6696,0.0,0.421,0.579,38,10/05/2018,"@LNRBLB thank you, Eleanor! üéâ"
Fox,0.6114,0.0,0.375,0.625,39,10/05/2018,@cckate thank you! üíñ
Fox,0.7574,0.0,0.724,0.276,40,10/05/2018,"Hey #dddperth, here are the slides with all the references from my keynote about building a welcoming, ethical Web!‚Ä¶ https://t.co/hPilGINzyI"
Fox,0.9119,0.0,0.463,0.537,41,10/05/2018,"@Chisa omg, this is so great! thank you, Teresa! üòç"
Fox,0.5095,0.0,0.852,0.148,42,10/05/2018,RT @andreabedini: I am extremely grateful to @fox for showing me today how technology became anti-human while we weren‚Äôt paying attention.‚Ä¶
Fox,0.8395,0.0,0.438,0.562,43,10/05/2018,"@andreabedini thank you, Andrea! I‚Äôm glad you‚Äôve found it useful!"
Fox,0.4199,0.0,0.642,0.358,44,10/05/2018,"@evandotly thank you, Evan! üå∏"
Fox,0.5106,0.0,0.809,0.191,45,10/05/2018,RT @msandfor: #dddperth We must build ethical thinking into the way we build software https://t.co/F4QKYOVT1p
Fox,0.0,0.0,1.0,0.0,46,10/05/2018,RT @MichelePlayfair: Thread ‚òùÔ∏è‚òùÔ∏è 8 principles of ethics in tech from @fox at #DDDPerth üëè
Fox,0.6908,0.0,0.149,0.851,47,10/05/2018,@samwilson yes :)
Fox,-0.2732,0.094,0.858,0.047,48,10/05/2018,"RT @Amys_Kapers: Until anyone can survive and thrive on the web, no matter their background, gender, ethnicity, etc, the web isn't a welcom‚Ä¶"
Fox,0.3182,0.0,0.813,0.187,49,10/05/2018,RT @MichelePlayfair: . @fox dropping the keynote truth bombs at #dddperth https://t.co/RKAgOSozMB
Fox,0.6705,0.0,0.766,0.234,50,10/05/2018,"RT @Mandy_Kerr: ‚ÄúDisruption isn‚Äôt a getaway free card to bypass laws, freedoms, moral compass, civil rights and human protections‚Äù - @fox #‚Ä¶"
Fox,0.4404,0.0,0.775,0.225,51,10/05/2018,RT @Chisa: TOO much good stuff from @Fox @dddperth #dddperth https://t.co/XVI1DHGQdd
Fox,-0.8714,0.368,0.632,0.0,52,10/05/2018,RT @kylietimpani: I cannot applaud or amplify @fox‚Äôs message enough: the web is at a crisis point. Tech is unethical. Exclusionary. A platf‚Ä¶
Fox,0.4215,0.0,0.741,0.259,53,10/05/2018,RT @Caiwrote: @fox laying down some truths #DDDPerth https://t.co/o2eJNcU5UQ
Fox,0.0,0.0,1.0,0.0,54,10/05/2018,"RT @Mandy_Kerr: ‚ÄúTechnology should be a mindful, quiet companion to our lives‚Äù - @fox #DDDPerth https://t.co/vB6wBAdqvr"
Fox,0.4404,0.0,0.873,0.127,55,10/05/2018,"RT @LJKenward: Opening #DDDPerth is the incredible @fox with Towards a welcoming Web.

The Pitfalls of Technology:

Move fast and break thi‚Ä¶"
Fox,-0.1779,0.15,0.73,0.12,56,10/05/2018,I forgot that Twitter is the epicentre of harassment and anxiety-inducing content. Back to sharing via Buffer and n‚Ä¶ https://t.co/jiBOURbIKk
Fox,-0.6597,0.248,0.606,0.145,57,10/05/2018,"RT @evan_greer: Sarah Jeong is a badass &amp; reverse racism is not a thing
 Sarah Jeong is a badass &amp; reverse racism is not a thing
 Sarah Jeo‚Ä¶"
Fox,0.8398,0.0,0.654,0.346,58,10/05/2018,"It‚Äôs a privilege to be opening #dddperth tomorrow morning! Come and find out how to build an ethical, welcoming Web‚Ä¶ https://t.co/eC1xTFZ3YR"
Fox,0.0,0.0,1.0,0.0,59,10/05/2018,RT @verge: A note from the editors of The Verge https://t.co/B3wF4dNukg https://t.co/fhgvH9WlkC
Fox,0.0,0.0,1.0,0.0,60,10/05/2018,"What are your favourite newsletters covering the following subjects: tech, design, front-end, culture, design objects, travel, well-being?"
Fox,0.7644,0.0,0.515,0.485,61,10/05/2018,"@soxyface Thank you, it was lovely meeting you! üíê"
Fox,0.7702,0.0,0.718,0.282,62,10/05/2018,"@sentience Thank you! I really enjoyed yours too! 

I‚Äôm doing a 45-min version at @DDDPerth this weekend that has m‚Ä¶ https://t.co/Drn3ODuLx2"
Fox,0.0,0.0,1.0,0.0,63,10/05/2018,@soxyface @MsJonesInSydney here are the slides with all the references. üôáüèª‚Äç‚ôÄÔ∏è I will publish a transcript next week! https://t.co/EcSUpoi0Rw
Fox,0.4199,0.0,0.715,0.285,64,10/05/2018,@marcosc thank you! üôáüèª‚Äç‚ôÄÔ∏è
Fox,0.4926,0.064,0.773,0.163,65,10/05/2018,"RT @MsJonesInSydney: The theme at #Code18 #CodeLeaders is strong! @fox is currently highlighting algorithmic bias, tech ethics and exclusio‚Ä¶"
Fox,0.5187,0.072,0.721,0.206,66,10/05/2018,"@DivZero_ indeed, it‚Äôs all challenging and often depressing, but if we don‚Äôt take action it won‚Äôt get any better. i‚Ä¶ https://t.co/lldW02OHPv"
Fox,0.4215,0.0,0.843,0.157,67,10/05/2018,"So refreshing to hear @johnallsopp reminding about inclusion, diversity and sharing knowledge around these subjects‚Ä¶ https://t.co/Ink4d4W7m5"
Fox,-0.25,0.246,0.551,0.203,68,10/05/2018,"Well, @msjonesinsydney definitely knows how to drop the mic on horrifying diversity and inclusion stats. 

A fantas‚Ä¶ https://t.co/GeLolnfgEm"
Fox,-0.296,0.423,0.577,0.0,69,10/05/2018,@benschwarz nooo pressure whatsoever
Fox,0.0,0.0,1.0,0.0,70,10/05/2018,That moment when a white guy says ‚Äùthere aren‚Äôt many women developers‚Äù and you cross eyes with any other woman in t‚Ä¶ https://t.co/033oMUbEl8
Fox,0.5574,0.0,0.581,0.419,71,10/05/2018,@Mandy_Kerr the winds have been gracious
Fox,0.4199,0.0,0.642,0.358,72,10/05/2018,@soxyface thank you! I‚Äôm hydrating ‚õ≤Ô∏è
Fox,-0.4019,0.119,0.881,0.0,73,10/05/2018,"I‚Äôll be speaking at @webdirections Code Leaders today at 3.30pm (if I don‚Äôt lose my voice in the meantime üòÇü§ß).

Com‚Ä¶ https://t.co/oh0yLrEE0F"
Fox,0.6924,0.0,0.778,0.222,74,10/05/2018,One of the reasons I‚Äôm so excited to be a part of @helpscout is the commitment to building an inclusive culture wit‚Ä¶ https://t.co/6H6GDJ1TON
Fox,0.0,0.0,1.0,0.0,75,10/05/2018,More Boston snaps. https://t.co/NCcWPSV8yX
Fox,0.4926,0.0,0.868,0.132,76,10/05/2018,"RT @helpscout: Said it once, we'll keep saying it: we are thrilled to add you to the team @fox! ü¶ä https://t.co/bKc6GSq6tR"
Fox,-0.0516,0.441,0.147,0.412,77,10/05/2018,"@mattopsahl lol, offensive"
Fox,0.784,0.0,0.504,0.496,78,10/05/2018,"@tompedals yay, hello, hi! üëãüèª"
Fox,0.6249,0.0,0.37,0.63,79,10/05/2018,"@madalynrose thanks, Madalyn. üíñ"
Fox,0.4738,0.0,0.493,0.507,80,10/05/2018,"@andymcmillan weee, thank you!!"
Fox,0.0,0.0,1.0,0.0,81,10/05/2018,@jennwrites üíñüíñüíñ
Fox,0.8718,0.0,0.288,0.712,82,10/05/2018,@paulozoom thank you! it is awesome :)
Fox,0.3612,0.0,0.737,0.263,83,10/05/2018,@brianloveswords thank you üôáüèª‚Äç‚ôÄÔ∏è
Fox,0.6588,0.0,0.357,0.643,84,10/05/2018,"@patrickhamann thanks, Patrick! üíñ"
Fox,0.2942,0.17,0.532,0.297,85,10/05/2018,@lynnandtonic thank you and I will miss you!
Fox,-0.2075,0.155,0.773,0.072,86,10/05/2018,"@patrickbjohnson nah, only here for a week. travelling alone so don‚Äôt want to make it a very long trip (hashtag anx‚Ä¶ https://t.co/sdzeg7AUmr"
Fox,0.6249,0.0,0.37,0.63,87,10/05/2018,"@lrnrd thanks, bb üíñ"
Fox,0.6588,0.0,0.671,0.329,88,10/05/2018,"@jstn Oh yeah, Coava, Stumptown and Good Coffee are my long standing favs!"
Fox,0.0,0.0,1.0,0.0,89,10/05/2018,"I‚Äôm so spoiled by Melbourne standards I literally cannot drink this liquid that was just served to me as coffee

üòÇüíÄ"
Fox,0.5574,0.0,0.813,0.187,90,10/05/2018,"I‚Äôm excited to share that today is my first day at @helpscout as a front-end engineer on the design team, which is‚Ä¶ https://t.co/LrW8L2lBcq"
Fox,-0.7096,0.371,0.629,0.0,91,10/05/2018,"Here lies Karolina, defeated by jetlag after mere three hours of sleep."
Fox,0.5106,0.0,0.837,0.163,92,10/05/2018,@andrewvijay Everywhere to be honest. That particular one was in the US. That mostly doesn‚Äôt happen in Australia.
Fox,0.0,0.0,1.0,0.0,93,10/05/2018,@mctrebo Boston
Fox,-0.4576,0.15,0.85,0.0,94,10/05/2018,"@LukesBeard It‚Äôs the most annoying thing that all social media, including Instagram, butchers the quality of photos‚Ä¶ https://t.co/7y8A7IuLcT"
Fox,-0.25,0.1,0.9,0.0,95,10/05/2018,"‚ÄúPerks‚Äù of traveling alone as a woman: being called ‚Äúhoney‚Äù in all restaurants/stores, being grabbed by the arm by‚Ä¶ https://t.co/ziCifcCI2x"
Fox,0.555,0.0,0.807,0.193,96,10/05/2018,@mattopsahl Oh! I did go to the Boston Common and Public Garden :) will check it out!
Fox,0.0772,0.0,0.933,0.067,97,10/05/2018,@amyngyn tbh I specifically look for ‚Äúhealthy‚Äù recipes because I don‚Äôt want all of the sugar / butter / cream in my‚Ä¶ https://t.co/tEki0zBt8v
Fox,0.5499,0.305,0.364,0.33,98,10/05/2018,"Horribly jet lagged and battling anxiety, but Boston sure is pretty. ‚ù§Ô∏è https://t.co/IYfWZjvqLe"
Fox,0.0,0.0,1.0,0.0,99,10/05/2018,@jilljubs Omg me too but I‚Äôm also afraid
Fox,0.6476,0.0,0.791,0.209,100,10/05/2018,"Excited to be going to @xoxo this year with @benschwarz! Portland holds a dear place in my heart. 

Can‚Äôt wait to c‚Ä¶ https://t.co/7s7h3Ti8sp"
nytimes,0.7096,0.0,0.688,0.312,1,10/05/2018,"The best TV shows and movies new to Netflix, Amazon and more in October https://t.co/rdUUJXF5Zq"
nytimes,0.0,0.0,1.0,0.0,2,10/05/2018,"In Opinion

Op-Ed contributor Alexis Grenell writes, ""The gender gap in politics is really a color line.""‚Ä¶ https://t.co/0M52qvBJ57"
nytimes,-0.6369,0.189,0.811,0.0,3,10/05/2018,"In Opinion

Op-Ed contributor Tanya Selvaratnam details the aftermath of speaking out about alleged abuse by her ex‚Ä¶ https://t.co/sU63KoWNZ9"
nytimes,0.0,0.0,1.0,0.0,4,10/05/2018,"RT @nytopinion: Two years ago, Susan Collins said she would not be voting for Donald Trump. And yet, at some of the most crucial moments of‚Ä¶"
nytimes,-0.7506,0.252,0.748,0.0,5,10/05/2018,"Show your anger or lose the seat, a White House lawyer told Brett Kavanaugh. Here‚Äôs how a private talk turned the t‚Ä¶ https://t.co/UwKYHtTJw2"
nytimes,-0.3818,0.217,0.663,0.12,6,10/05/2018,Deputies Made Jokes About a Veteran Thrashing in His Cell Before He Died https://t.co/DslYx0GPy1
nytimes,0.0,0.0,1.0,0.0,7,10/05/2018,"Con Man Claimed to ‚ÄòCure‚Äô Childless Women. Blackmail Followed, Then Bodies. https://t.co/KD4WAdLEhw"
nytimes,0.0,0.0,1.0,0.0,8,10/05/2018,A trip down California's Highway 1 ‚Äî now reopened in its entirety ‚Äî means discovery and a search though memory https://t.co/EujoKZV8GM
nytimes,-0.5994,0.178,0.822,0.0,9,10/05/2018,"In Opinion

Op-Ed columnist @NickKristof examined the case against Kevin Cooper, on death row for the 1983 murders‚Ä¶ https://t.co/akxfYXYyuq"
nytimes,-0.6249,0.338,0.662,0.0,10,10/05/2018,Anatomy of a Scene: Children Learn a Hard Lesson in ‚ÄòThe Hate U Give‚Äô https://t.co/YfOrfIAlsz
nytimes,0.0,0.0,1.0,0.0,11,10/05/2018,Here's everything you need to know for the midterm elections https://t.co/r5AEw8jv5g
nytimes,0.0,0.0,1.0,0.0,12,10/05/2018,"In 1990, according to previously secret depositions, Donald Trump tried to have his father‚Äôs will rewritten in a wa‚Ä¶ https://t.co/1FeIbXdng5"
nytimes,0.0,0.0,1.0,0.0,13,10/05/2018,Election Day is one month away. Here's list of each state's voter registration deadlines. https://t.co/E5pY4CQgJ8
nytimes,0.0,0.0,1.0,0.0,14,10/05/2018,RT @NYTSports: The N.F.L.‚Äôs reliance on wireless communication between coordinators and players is littered with the potential for disrupti‚Ä¶
nytimes,0.0,0.0,1.0,0.0,15,10/05/2018,"See how each senator voted in the confirmation of Brett Kavanaugh
https://t.co/K2Pa2q666R"
nytimes,0.0,0.0,1.0,0.0,16,10/05/2018,"Here's a behind-the-scenes look at how the White House, senators, and other officials reacted as Brett Kavanaugh's‚Ä¶ https://t.co/vgGSftpl2J"
nytimes,0.4019,0.0,0.876,0.124,17,10/05/2018,"Have a question about healthy sex, what‚Äôs normal for your body or some other women‚Äôs health issue? Our editors are‚Ä¶ https://t.co/TxmrPJIoqD"
nytimes,-0.2755,0.088,0.912,0.0,18,10/05/2018,"""I don't always agree what he tweets and I tell him that,"" says Melania Trump. When asked if she ever took his phon‚Ä¶ https://t.co/sGqi3MJuPD"
nytimes,0.2023,0.0,0.917,0.083,19,10/05/2018,"Looking to stay on top of the news about Brett Kavanaugh? Here's a guide to what's next, and what's come before. https://t.co/AMr3TExttO"
nytimes,0.0,0.0,1.0,0.0,20,10/05/2018,"Tokyo's famous Tsukiji fish market, sprawled over 57 acres, has had its last day of business. But some vendors are‚Ä¶ https://t.co/2tMBG7fBs7"
nytimes,0.3612,0.0,0.865,0.135,21,10/05/2018,Young families seeking affordable housing are heading to neighborhoods like Sunset Park and Brownsville in Brooklyn‚Ä¶ https://t.co/lTmYYzj3qc
nytimes,-0.6597,0.196,0.804,0.0,22,10/05/2018,Jurors who convicted Chicago police Officer Jason Van Dyke of killing Laquan McDonald said they found the officer's‚Ä¶ https://t.co/twlndcajVE
nytimes,0.6597,0.0,0.795,0.205,23,10/05/2018,"RT @NYTmag: Assuming Kavanaugh votes as his record suggests, the Supreme Court will move to the right on several important fronts, even as‚Ä¶"
nytimes,-0.8271,0.367,0.633,0.0,24,10/05/2018,The death and devastation wrought by an earthquake and tsunami on Indonesia‚Äôs Sulawesi Island struck a place famili‚Ä¶ https://t.co/2wkdmrMiT3
nytimes,0.836,0.066,0.592,0.341,25,10/05/2018,RT @SherylNYT: It's official. Judge Brett M. Kavanaugh confirmed as an associate Justice of the United States Supreme Court. Protests erupt‚Ä¶
nytimes,-0.2023,0.225,0.625,0.15,26,10/05/2018,"Breaking News: The Senate confirmed Brett Kavanaugh to the Supreme Court after a bitter partisan battle, shifting t‚Ä¶ https://t.co/IqAo6shMn5"
nytimes,-0.5848,0.22,0.78,0.0,27,10/05/2018,RT @SherylNYT: Raucous protests erupting inside Senate Gallery as Kavanaugh vote gets underway. Women screaming: ‚ÄúI do not consent!‚Äù
nytimes,0.25,0.131,0.656,0.213,28,10/05/2018,Videos show sheriff's deputies laughing and making jokes about a veteran as he suffered an apparent overdose in an‚Ä¶ https://t.co/ebOPulzdh7
nytimes,0.34,0.0,0.876,0.124,29,10/05/2018,"In Opinion

Contributing opinion writer Jennifer Finney Boylan writes of Susan Collins, ""In giving him a victory on‚Ä¶ https://t.co/yJmHYOfxlF"
nytimes,0.5106,0.0,0.807,0.193,30,10/05/2018,RT @nytpolitics: The last-minute announcements of support by Senator Susan Collins and Joe Manchin capped an emotional and deeply divisive‚Ä¶
nytimes,0.0,0.0,1.0,0.0,31,10/05/2018,Senators are expected to vote on the confirmation of Brett Kavanaugh within the hour. Follow our live vote count. https://t.co/Ay7BhkWX75
nytimes,-0.4445,0.207,0.793,0.0,32,10/05/2018,"In Amsterdam, it‚Äôs not just the number of tourists that pose a problem. It‚Äôs how they behave. https://t.co/XEOB46XK8K"
nytimes,0.0,0.0,1.0,0.0,33,10/05/2018,"Subscribe to Race/Related, our newsletter exploring race through reporting and discussion https://t.co/N9UVAB1Goh"
nytimes,0.1779,0.131,0.657,0.211,34,10/05/2018,Officers in police-shooting cases like Laquan McDonald's have usually been acquitted. Is this case's guilty verdict‚Ä¶ https://t.co/RoLsKFHDHE
nytimes,0.0,0.0,1.0,0.0,35,10/05/2018,RT @nytimesmusic: How Lil Wayne became one of hip-hop's most durable stars. Hear the Popcast. https://t.co/tWGrMGKITW https://t.co/05QiNGDr‚Ä¶
nytimes,0.0,0.0,1.0,0.0,36,10/05/2018,"3 New York Times reporters spent over a year digging through more than 100,000 pages of documents and chasing down‚Ä¶ https://t.co/lMPwZ4Tmsu"
nytimes,0.6222,0.0,0.815,0.185,37,10/05/2018,Logic has become one of hip-hop‚Äôs most commercially successful artists by charting a path similar to Lil Wayne‚Äôs wh‚Ä¶ https://t.co/kzIEpDMFia
nytimes,-0.2263,0.106,0.894,0.0,38,10/05/2018,RT @SherylNYT: Protesters are massing at the Capitol before confirmation vote on Judge Brett M. Kavanaugh https://t.co/7Kn2UnlMpx
nytimes,0.0,0.0,1.0,0.0,39,10/05/2018,"RT @SherylNYT: SPOTTED in the Capitol: Debra S. Katz and Lisa Banks, attorneys for Christine Blasey Ford, entering the Senate visitor's gal‚Ä¶"
nytimes,-0.296,0.099,0.901,0.0,40,10/05/2018,"RT @TomJolly: If you missed the @nytimes investigative report on @realDonaldTrump‚Äôs tax history, it will be available on newsstands in the‚Ä¶"
nytimes,0.5574,0.0,0.854,0.146,41,10/05/2018,"Once Brett Kavanaugh is sworn in, the Supreme Court will be more conservative than at any other time in modern hist‚Ä¶ https://t.co/fB9ztHvxM7"
nytimes,0.431,0.0,0.856,0.144,42,10/05/2018,"For many Brazilians, this weekend's presidential elections have come down to who is the least bad option. https://t.co/I9E1xQDDwz"
nytimes,0.1779,0.115,0.733,0.152,43,10/05/2018,"In Opinion

Daniel Willingham writes: ""There‚Äôs no good scientific evidence that learning styles actually exist."" https://t.co/Sccnco85KO"
nytimes,0.34,0.0,0.876,0.124,44,10/05/2018,"Senators spent hours Friday night into Saturday morning giving speeches about Brett Kavanaugh, ahead of the expecte‚Ä¶ https://t.co/SOldOZlqSg"
nytimes,0.3612,0.0,0.865,0.135,45,10/05/2018,"RT @NYTHealth: What does DNA look like? In the lab, the stuff resembles soggy cotton candy. https://t.co/I0tctMUqJE"
nytimes,0.4588,0.0,0.88,0.12,46,10/05/2018,"RT @katierogers: Complete FLOTUS answer to my q on Kavanaugh: She called him ‚Äúhighly qualified‚Äù and said ‚ÄúI‚Äôm glad Dr. Ford was heard, I‚Äôm‚Ä¶"
nytimes,0.0,0.0,1.0,0.0,47,10/05/2018,"RT @katierogers: MORE from FLOTUS, who told me she sometimes takes the president‚Äôs phone away. On his sharp words on Twitter: ‚ÄúI don‚Äôt alwa‚Ä¶"
nytimes,-0.476,0.208,0.692,0.1,48,10/05/2018,RT @katierogers: ‚ÄúWe need to help all of the victims no matter our opinions. I am against any kind of abuse or violence.‚Äù But FLOTUS would‚Ä¶
nytimes,0.0,0.0,1.0,0.0,49,10/05/2018,RT @katierogers: NEW: FLOTUS just spoke for five minutes in front of the Sphinx. Touched on #MeToo. She said she thinks Kavanaugh is ‚Äúhighl‚Ä¶
nytimes,0.0,0.0,1.0,0.0,50,10/05/2018,"In a blog post he now says was meant to be satirical, a Brooklyn professor wrote, ‚ÄúIn the future, having committed‚Ä¶ https://t.co/hryLUUaYQo"
nytimes,0.0,0.0,1.0,0.0,51,10/05/2018,"RT @NYTSports: ""I believe that you‚Äôre a hitter first and you‚Äôre a slugger second,"" J.D. Martinez said after his 3-run HR helped the Red Sox‚Ä¶"
nytimes,0.0258,0.098,0.8,0.102,52,10/05/2018,"The FDA is now approving the vaccine that protects against 9 strains of human papillomavirus, or HPV, for people up‚Ä¶ https://t.co/dWRxb0AMfJ"
nytimes,0.4019,0.0,0.876,0.124,53,10/05/2018,"Have a question about healthy sex, what‚Äôs normal for your body or some other women‚Äôs health issue? Our editors are‚Ä¶ https://t.co/R7vDJbokHs"
nytimes,0.2023,0.158,0.644,0.198,54,10/05/2018,"Review: ""A Star Is Born,"" starring Lady Gaga and Bradley Cooper, is a gorgeous heartbreaker https://t.co/w54WWSkDJ2"
nytimes,0.2023,0.0,0.909,0.091,55,10/05/2018,"To understand why Columbus and Columbus Day remain important to Italian-Americans, they say it is necessary to reme‚Ä¶ https://t.co/2L5EugxDii"
nytimes,-0.34,0.103,0.897,0.0,56,10/05/2018,"Moments after the gavel sounded on the $1.4 million sale of the Banksy artwork, an alarm sounded and it slipped thr‚Ä¶ https://t.co/DnbgLEH4BJ"
nytimes,-0.6597,0.27,0.652,0.078,57,10/05/2018,"During a critical point in the Vietnam War, a top U.S. military commander activated a plan to move tactical nuclear‚Ä¶ https://t.co/b9tdUoxqit"
nytimes,-0.0762,0.064,0.936,0.0,58,10/05/2018,White House counsel Donald F. McGahn II reportedly told President Trump they could not legally order an unlimited F‚Ä¶ https://t.co/dVRqI0VSLT
nytimes,-0.3412,0.124,0.876,0.0,59,10/05/2018,"""If 'Seinfeld' was a show about nothing, 'The Good Place' is a show about everything ‚Äî including, and especially, g‚Ä¶ https://t.co/hIY5YWCyrR"
nytimes,-0.6486,0.193,0.807,0.0,60,10/05/2018,"For months, a reputed mobster has been pursued by someone who wanted him dead. On Thursday, outside a McDonald‚Äôs in‚Ä¶ https://t.co/PGVGLHBhr3"
nytimes,0.34,0.0,0.882,0.118,61,10/05/2018,"Potentially for sale: $22 million in real estate, some purchased with the ill-gotten gains of Paul Manafort. Here's‚Ä¶ https://t.co/39IRoEE4IR"
nytimes,0.8625,0.0,0.652,0.348,62,10/05/2018,A rare thing happened with the Nobel Prizes for physics and chemistry: Women won them. Here's the week in good news. https://t.co/9DywwIlL9s
nytimes,0.0,0.0,1.0,0.0,63,10/05/2018,"What service animals can you bring on an Alaska Airlines flight? Dogs, cats and... miniature horses. https://t.co/KGzR0hsCnv"
nytimes,0.6597,0.0,0.787,0.213,64,10/05/2018,He once joked with friends he was still single because he was holding out for a supermodel. Then he actually fell i‚Ä¶ https://t.co/KZLjd3lmgr
nytimes,0.0,0.0,1.0,0.0,65,10/05/2018,"The NYT movie review of ""A Star Is Born"" https://t.co/zVFi9rmjtT"
nytimes,0.0,0.0,1.0,0.0,66,10/05/2018,Why Count All the Squirrels in Central Park? Why the Heck Not https://t.co/O149ZSDsI8
nytimes,-0.2263,0.091,0.909,0.0,67,10/05/2018,"In Opinion

Emma Gonz√°lez writes, ""This isn‚Äôt something we are ever going to forget about. This isn‚Äôt something we‚Ä¶ https://t.co/HcyM9kgMvr"
nytimes,0.6369,0.0,0.792,0.208,68,10/05/2018,"Modern Love: ""You can‚Äôt will the right man into your life simply by planning for him"" https://t.co/jsuiMVhaWj"
nytimes,0.0,0.0,1.0,0.0,69,10/05/2018,How to vote early in the 2018 midterm elections https://t.co/u7qJ60Adz5
nytimes,0.0,0.0,1.0,0.0,70,10/05/2018,President Trump has sold himself as a self-made billionaire but our investigation found that he received more than‚Ä¶ https://t.co/WMtwcPbvMq
nytimes,0.4005,0.0,0.77,0.23,71,10/05/2018,"The 19 fall cookbooks @NYTFood is most excited about 
https://t.co/zMPWt4Yrv6"
nytimes,0.0,0.0,1.0,0.0,72,10/05/2018,"The man that the Danish government says swindled it out of $2 billion resides in a 10,000 square foot home in Dubai‚Ä¶ https://t.co/KkwyeI7LXC"
nytimes,0.8126,0.088,0.5,0.412,73,10/05/2018,A top Democrat promised to open an investigation into accusations against Brett Kavanaugh if the party wins control‚Ä¶ https://t.co/nZOFh4wCBt
nytimes,0.0,0.0,1.0,0.0,74,10/05/2018,Here's everything you need to know for the midterm elections https://t.co/8k4PNToChW
nytimes,-0.6249,0.291,0.709,0.0,75,10/05/2018,Nonfiction: Ben Fountain Takes a Tour Through Our Current Existential Crisis https://t.co/e807w5PDj9
nytimes,-0.8225,0.409,0.591,0.0,76,10/05/2018,Cameroon on Brink of Civil War as English Speakers Recount ‚ÄòUnbearable‚Äô Horrors https://t.co/ORTto6SBpY
nytimes,-0.7906,0.333,0.667,0.0,77,10/05/2018,"An Infant Is Dead, Her Twin Is Injured, and Their Mother Is in Police Custody https://t.co/EfK0UOtMEN"
nytimes,0.1779,0.0,0.898,0.102,78,10/05/2018,What's one of the fastest growing sources of greenhouse gas emissions? A new report says plastics. https://t.co/MbmOAkR6oS
nytimes,0.0,0.0,1.0,0.0,79,10/05/2018,"RT @nytimesarts: Bradley Cooper narrates a scene from ""A Star Is Born"" where Lady Gaga's star begins to rise https://t.co/4Ao7ufSNoJ"
nytimes,0.0,0.0,1.0,0.0,80,10/05/2018,Danske Bank Faces U.S. Inquiry Over Money Laundering https://t.co/leAVDuQD1H
nytimes,0.0,0.0,1.0,0.0,81,10/05/2018,Taking a trip down California's Highway 1 ‚Äî now reopened in its entirety https://t.co/tBVh2Hruxn
nytimes,0.0258,0.0,0.901,0.099,82,10/05/2018,Nonfiction: How Do We Make the Long-Term Decisions That Matter? https://t.co/OfEg2CA1va
nytimes,0.2023,0.0,0.893,0.107,83,10/05/2018,"Researchers at Johns Hopkins University have recommended that psilocybin, the compound found in hallucinogenic mush‚Ä¶ https://t.co/sUsVsQbGSM"
nytimes,0.34,0.0,0.806,0.194,84,10/05/2018,Our cybersecurity reporter @sheeraf explains how she safeguards her devices https://t.co/3WoDLIh7uk
nytimes,0.5106,0.0,0.732,0.268,85,10/05/2018,"Montserrat Caball√©, Revered Spanish Prima Donna, Dies at 85 https://t.co/UcwX6ktqrS"
nytimes,0.6249,0.145,0.485,0.37,86,10/05/2018,"How special education is failing T.J., a friendly 12-year-old boy, and many children like him https://t.co/xXTBg6rLsc"
nytimes,0.0,0.0,1.0,0.0,87,10/05/2018,"Cindy Sherman has recently taken to Instagram, where she has been producing a series of images utterly unlike anyth‚Ä¶ https://t.co/lLfQrr7rrY"
nytimes,-0.296,0.109,0.891,0.0,88,10/05/2018,RT @nytimesworld: The president of Interpol has been reported missing by his wife after he traveled to China https://t.co/7LuAb3xOAV
nytimes,0.4404,0.0,0.813,0.187,89,10/05/2018,"In Opinion

""A growing body of literature suggesting that the immune system is involved in psychiatric disorders fr‚Ä¶ https://t.co/fz7xFXzUbs"
nytimes,0.0,0.0,1.0,0.0,90,10/05/2018,Her home in Vienna was confiscated by the Nazis in 1940. She later secretly moved back in and spied on the SS offic‚Ä¶ https://t.co/yToDt22OEn
nytimes,-0.5009,0.146,0.854,0.0,91,10/05/2018,"In this Ukrainian town, almost everyone speaks Hungarian. It offers another example of why it so difficult for Ukra‚Ä¶ https://t.co/nGoyGSsKEA"
nytimes,0.7351,0.0,0.721,0.279,92,10/05/2018,"This Greek-style broiled shrimp dish is ready in just 10 minutes, making it the perfect weeknight recipe https://t.co/GHT4G0EoyQ"
nytimes,0.7096,0.0,0.688,0.312,93,10/05/2018,"The best TV shows and movies new to Netflix, Amazon and more in October https://t.co/XJclRYR6Zy"
nytimes,-0.6369,0.243,0.66,0.097,94,10/05/2018,RT @nytopinion: A vote for Brett Kavanaugh delivered a message to women who‚Äôve suffered sexual assault: If the powerful can find a way to n‚Ä¶
nytimes,0.891,0.0,0.616,0.384,95,10/05/2018,"The first time our correspondent met the Nobel Peace Prize winner Dr. Denis Mukwege, the doctor was performing arou‚Ä¶ https://t.co/iCJ3HXIl9N"
nytimes,0.0,0.0,1.0,0.0,96,10/05/2018,"RT @marclacey: ""I flail, I gasp, and I make barbaric yawps‚Äîeven though the pool I‚Äôm using is only four feet deep, even though I have a kick‚Ä¶"
nytimes,0.4404,0.0,0.861,0.139,97,10/05/2018,"When Donald Trump was 3 years old, his father effectively made him a landlord. Here‚Äôs how Fred Trump‚Äôs maneuver cre‚Ä¶ https://t.co/BWzvJNdjD7"
nytimes,0.4019,0.0,0.876,0.124,98,10/05/2018,Ford is in talks with Volkswagen about a broad partnership that could help turn around its ailing operations in Eur‚Ä¶ https://t.co/b03SFMpgSC
nytimes,0.0,0.0,1.0,0.0,99,10/05/2018,"Red Sox 5, Yankees 4 | Boston leads series, 1-0: Red Sox Hang On to Beat Yankees in Game 1 https://t.co/pRLiKEgjol"
nytimes,-0.9081,0.388,0.612,0.0,100,10/05/2018,After the Chicago police officer Jason Van Dyke was found guilty of second-degree murder in the death of Laquan McD‚Ä¶ https://t.co/vVuZgucG6K
